bgo_path,case,graph,run,status,runtime_ns,G.SIZE_VERTS,G.SIZE_EDGES,sources.SIZE
bgo/bc/bc_gap,0,random_5535_9115.mtx,0,0,15741450,5323,9101,3859
bgo/bc/bc_gap,1,random_5791_5217.mtx,0,0,10344238,4276,4841,3613
bgo/bc/bc_gap,2,random_9365_11201.mtx,0,0,20341907,8187,11027,437
bgo/bc/bc_gap,3,random_1494_7646.mtx,0,0,10376439,1494,7646,1046
bgo/bc/bc_gap,4,random_2861_12225.mtx,0,0,16490224,2860,12225,516
bgo/bc/bc_gap,5,random_12707_15173.mtx,0,0,27371299,11118,14926,2591
bgo/bc/bc_gap,6,random_11130_7459.mtx,0,0,12002879,5296,5456,2783
bgo/bc/bc_gap,7,random_10395_16256.mtx,0,0,27103907,9834,16208,2341
bgo/bc/bc_gap,8,random_15876_1259.mtx,0,0,1321498,5,4,2
bgo/bc/bc_gap,9,random_8248_2461.mtx,0,0,1336025,21,20,7
bgo/bc/bc_gap,10,random_3413_5449.mtx,0,0,10108957,3261,5435,868
bgo/bc/bc_gap,11,random_11937_12530.mtx,0,0,22422058,9838,12119,2957
bgo/bc/bc_gap,12,random_9927_7130.mtx,0,0,12431392,5284,5545,2687
bgo/bc/bc_gap,13,random_5408_16200.mtx,0,0,23264798,5401,16200,3286
bgo/bc/bc_gap,14,random_9604_7618.mtx,0,0,13842839,6032,6492,2251
bgo/bc/bc_gap,15,random_10235_4933.mtx,0,0,2278533,202,201,139
bgo/bc/bc_gap,16,random_15845_6439.mtx,0,0,2006923,76,75,13
bgo/bc/bc_gap,17,random_14543_3654.mtx,0,0,1450631,14,13,7
bgo/bc/bc_gap,18,random_6567_2069.mtx,0,0,1542102,22,21,6
bgo/bc/bc_gap,19,random_3902_8552.mtx,0,0,14007168,3850,8551,66
bgo/bc/bc_gap,20,random_770_12220.mtx,0,0,12349349,770,12220,261
bgo/bc/bc_gap,21,random_15755_13514.mtx,0,0,23514757,11036,12325,4164
bgo/bc/bc_gap,22,random_11095_1659.mtx,0,0,1353678,8,7,1
bgo/bc/bc_gap,23,random_1009_7745.mtx,0,0,8829698,1009,7745,7
bgo/bc/bc_gap,24,random_1308_1637.mtx,0,0,4324360,1175,1612,736
bgo/bc/bc_gap,25,random_3047_8372.mtx,0,0,13490849,3031,8372,1012
bgo/bc/bc_gap,26,random_11275_10328.mtx,0,0,18640096,8389,9616,307
bgo/bc/bc_gap,27,random_8111_9038.mtx,0,0,16578490,6876,8806,780
bgo/bc/bc_gap,28,random_9889_3209.mtx,0,0,1468504,34,33,28
bgo/bc/bc_gap,29,random_1099_545.mtx,0,0,2256902,86,85,44
bgo/bc/bc_gap,30,random_1998_13283.mtx,0,0,16094652,1998,13283,1383
bgo/bc/bc_gap,31,random_8819_1323.mtx,0,0,1366031,9,8,1
bgo/bc/bc_gap,32,random_12896_11724.mtx,0,0,20962210,9537,10905,6911
bgo/bc/bc_gap,33,random_6346_16262.mtx,0,0,23855886,6306,16262,5241
bgo/bc/bc_gap,34,random_12606_103.mtx,0,0,1267126,3,2,1
bgo/bc/bc_gap,35,random_11154_6536.mtx,0,0,8706527,3154,3186,854
bgo/bc/bc_gap,36,random_14551_7657.mtx,0,0,5329785,936,935,907
bgo/bc/bc_gap,37,random_13838_10167.mtx,0,0,16864485,7887,8258,3516
bgo/bc/bc_gap,38,random_10324_10427.mtx,0,0,19393068,8292,10026,1165
bgo/bc/bc_gap,39,random_14485_477.mtx,0,0,1360762,5,4,3
bgo/bc/bc_gap,40,random_8170_11164.mtx,0,0,19974989,7506,11095,3591
bgo/bc/bc_gap,41,random_15697_7185.mtx,0,0,2716514,307,306,152
bgo/bc/bc_gap,42,random_2796_3686.mtx,0,0,7577219,2548,3659,1420
bgo/bc/bc_gap,43,random_13682_12042.mtx,0,0,21430398,9823,11041,518
bgo/bc/bc_gap,44,random_9984_11010.mtx,0,0,19859071,8446,10741,420
bgo/bc/bc_gap,45,random_3402_4214.mtx,0,0,8807767,3004,4164,1161
bgo/bc/bc_gap,46,random_5577_1398.mtx,0,0,1554054,17,16,15
bgo/bc/bc_gap,47,random_9500_8634.mtx,0,0,15887754,7064,8083,2347
bgo/bc/bc_gap,48,random_6565_3124.mtx,0,0,3167049,260,259,188
bgo/bc/bc_gap,49,random_11907_13297.mtx,0,0,23712678,10198,13020,1610
bgo/bc/bc_gap,50,random_13568_8174.mtx,0,0,11336870,4166,4209,1492
bgo/bc/bc_gap,51,random_10392_3273.mtx,0,0,1482339,23,22,3
bgo/bc/bc_gap,52,random_11216_16313.mtx,0,0,28403645,10513,16252,7855
bgo/bc/bc_gap,53,random_12507_458.mtx,0,0,1316870,4,3,3
bgo/bc/bc_gap,54,random_4744_6536.mtx,0,0,12598236,4408,6498,3869
bgo/bc/bc_gap,55,random_983_13417.mtx,0,0,14375949,983,13417,635
bgo/bc/bc_gap,56,random_14854_12870.mtx,0,0,22938696,10552,11802,1582
bgo/bc/bc_gap,57,random_84_5254.mtx,0,0,2945684,84,3486,61
bgo/bc/bc_gap,58,random_8896_15455.mtx,0,0,25316736,8593,15432,3691
bgo/bc/bc_gap,59,random_13297_11818.mtx,0,0,21159551,9679,10975,7042
bgo/bc/bc_gap,60,random_12382_12664.mtx,0,0,22662399,10045,12228,8284
bgo/bc/bc_gap,61,random_6033_3508.mtx,0,0,5490807,1672,1688,897
bgo/bc/bc_gap,62,random_14068_14386.mtx,0,0,25965042,11408,13859,6869
bgo/bc/bc_gap,63,random_10710_5292.mtx,0,0,2456536,236,236,68
bgo/bc/bc_gap,64,random_509_8683.mtx,0,0,8243749,509,8683,319
bgo/bc/bc_gap,65,random_7137_7234.mtx,0,0,14292452,5775,6977,259
bgo/bc/bc_gap,66,random_3539_13820.mtx,0,0,18569944,3537,13820,2733
bgo/bc/bc_gap,67,random_14540_9677.mtx,0,0,15632336,6640,6832,5194
bgo/bc/bc_gap,68,random_33_289.mtx,0,0,1527214,33,289,5
bgo/bc/bc_gap,69,random_2501_121.mtx,0,0,1377644,4,3,3
bgo/bc/bc_gap,70,random_12728_4255.mtx,0,0,1694919,49,48,17
bgo/bc/bc_gap,71,random_6768_10191.mtx,0,0,17975479,6370,10154,1894
bgo/bc/bc_gap,72,random_14591_978.mtx,0,0,1377042,6,5,3
bgo/bc/bc_gap,73,random_3851_10455.mtx,0,0,16252047,3831,10455,2283
bgo/bc/bc_gap,74,random_3427_3823.mtx,0,0,8054444,2911,3746,2138
bgo/bc/bc_gap,75,random_13275_10920.mtx,0,0,18480586,8719,9567,3643
bgo/bc/bc_gap,76,random_4192_10079.mtx,0,0,16365951,4151,10077,2165
bgo/bc/bc_gap,77,random_9047_470.mtx,0,0,1304346,5,4,1
bgo/bc/bc_gap,78,random_3694_15079.mtx,0,0,19930826,3692,15079,2165
bgo/bc/bc_gap,79,random_15828_5390.mtx,0,0,1523026,29,28,9
bgo/bc/bc_gap,80,random_4808_13406.mtx,0,0,19862758,4796,13406,3269
bgo/bc/bc_gap,81,random_6586_15405.mtx,0,0,23982514,6515,15404,531
bgo/bc/bc_gap,82,random_9712_11692.mtx,0,0,21167465,8565,11551,8324
bgo/bc/bc_gap,83,random_6801_11479.mtx,0,0,19694733,6547,11464,5943
bgo/bc/bc_gap,84,random_2812_9964.mtx,0,0,14224856,2812,9964,440
bgo/bc/bc_gap,85,random_14546_9644.mtx,0,0,14944986,6623,6817,5657
bgo/bc/bc_gap,86,random_11711_7295.mtx,0,0,11134661,4476,4548,270
bgo/bc/bc_gap,87,random_4687_15295.mtx,0,0,21518303,4682,15295,4116
bgo/bc/bc_gap,88,random_10537_15697.mtx,0,0,26711662,9896,15637,6770
bgo/bc/bc_gap,89,random_5036_3792.mtx,0,0,8040328,3005,3191,2947
bgo/bc/bc_gap,90,random_15949_7008.mtx,0,0,1883742,80,79,30
bgo/bc/bc_gap,91,random_5615_14473.mtx,0,0,21899938,5573,14473,87
bgo/bc/bc_gap,92,random_8039_10664.mtx,0,0,19006052,7332,10578,5689
bgo/bc/bc_gap,93,random_12029_8410.mtx,0,0,14419410,6173,6417,1493
bgo/bc/bc_gap,94,random_12815_12897.mtx,0,0,23183776,10228,12408,1340
bgo/bc/bc_gap,95,random_12954_12724.mtx,0,0,22610711,10158,12089,9792
bgo/bc/bc_gap,96,random_9590_5945.mtx,0,0,9070079,3353,3400,2485
bgo/bc/bc_gap,97,random_1400_10610.mtx,0,0,11641742,1400,10610,549
bgo/bc/bc_gap,98,random_14426_14068.mtx,0,0,25248317,11349,13460,4863
bgo/bc/bc_gap,99,random_14577_14395.mtx,0,0,25756501,11616,13813,10904
bgo/bc/bc_gap,100,random_7366_13867.mtx,0,0,22785990,7198,13856,4950
bgo/bc/bc_gap,101,random_1118_11756.mtx,0,0,11721992,1118,11756,22
bgo/bc/bc_gap,102,random_14586_1095.mtx,0,0,1405295,8,7,4
bgo/bc/bc_gap,103,random_4061_4943.mtx,0,0,9917237,3640,4902,217
bgo/bc/bc_gap,104,random_4812_12195.mtx,0,0,18977699,4784,12194,3750
bgo/bc/bc_gap,105,random_12804_2446.mtx,0,0,1520210,12,11,1
bgo/bc/bc_gap,106,random_3523_5832.mtx,0,0,10961556,3381,5820,2576
bgo/bc/bc_gap,107,random_6950_14077.mtx,0,0,22660315,6821,14070,743
bgo/bc/bc_gap,108,random_10218_4244.mtx,0,0,1854598,50,49,3
bgo/bc/bc_gap,109,random_9080_223.mtx,0,0,1289088,3,2,2
bgo/bc/bc_gap,110,random_14772_10654.mtx,0,0,17420007,7983,8372,2202
bgo/bc/bc_gap,111,random_1055_14238.mtx,0,0,15140944,1055,14238,44
bgo/bc/bc_gap,112,random_1402_3841.mtx,0,0,6824478,1396,3841,100
bgo/bc/bc_gap,113,random_653_8828.mtx,0,0,10079783,653,8828,257
bgo/bc/bc_gap,114,random_11219_5642.mtx,0,0,2820680,288,287,258
bgo/bc/bc_gap,115,random_2148_3723.mtx,0,0,7339042,2063,3715,1233
bgo/bc/bc_gap,116,random_717_11608.mtx,0,0,12434679,717,11608,127
bgo/bc/bc_gap,117,random_12837_13039.mtx,0,0,23392738,10391,12546,4922
bgo/bc/bc_gap,118,random_2303_3815.mtx,0,0,7744703,2221,3812,978
bgo/bc/bc_gap,119,random_14410_443.mtx,0,0,1329774,4,3,2
bgo/bc/bc_gap,120,random_6628_575.mtx,0,0,1301220,8,7,1
bgo/bc/bc_gap,121,random_213_15506.mtx,0,0,13266759,213,15506,187
bgo/bc/bc_gap,122,random_15710_2841.mtx,0,0,1383003,13,12,4
bgo/bc/bc_gap,123,random_8397_3828.mtx,0,0,2005460,62,61,5
bgo/bc/bc_gap,124,random_4414_10349.mtx,0,0,16803912,4357,10348,1190
bgo/bc/bc_gap,125,random_14421_11649.mtx,0,0,20183871,9372,10180,5149
bgo/bc/bc_gap,126,random_13337_11131.mtx,0,0,19629270,9048,9968,4744
bgo/bc/bc_gap,127,random_601_11072.mtx,0,0,10120509,601,11072,321
bgo/bc/bc_gap,128,random_3141_4483.mtx,0,0,8735772,2921,4461,1186
bgo/bc/bc_gap,129,random_13088_2696.mtx,0,0,1626540,13,12,1
bgo/bc/bc_gap,130,random_13760_15982.mtx,0,0,28116997,11943,15690,10183
bgo/bc/bc_gap,131,random_14505_8475.mtx,0,0,10232549,3823,3854,362
bgo/bc/bc_gap,132,random_6602_5164.mtx,0,0,10051750,4144,4469,1730
bgo/bc/bc_gap,133,random_1359_4874.mtx,0,0,7509783,1358,4874,12
bgo/bc/bc_gap,134,random_11683_7361.mtx,0,0,11481161,4437,4502,127
bgo/bc/bc_gap,135,random_13369_2341.mtx,0,0,1430512,9,8,8
bgo/bc/bc_gap,136,random_10157_3711.mtx,0,0,1823359,61,60,3
bgo/bc/bc_gap,137,random_563_1851.mtx,0,0,3704457,561,1851,275
bgo/bc/bc_gap,138,random_9968_5107.mtx,0,0,4512993,909,908,837
bgo/bc/bc_gap,139,random_1067_8812.mtx,0,0,9626242,1067,8812,911
bgo/bc/bc_gap,140,random_13603_14364.mtx,0,0,25152528,11254,13956,7218
bgo/bc/bc_gap,141,random_430_668.mtx,0,0,2512561,402,668,263
bgo/bc/bc_gap,142,random_14527_3927.mtx,0,0,1369137,24,23,1
bgo/bc/bc_gap,143,random_3321_13178.mtx,0,0,17657172,3321,13178,1998
bgo/bc/bc_gap,144,random_13002_13560.mtx,0,0,23675167,10639,13139,273
bgo/bc/bc_gap,145,random_4191_15683.mtx,0,0,20856081,4190,15683,2882
bgo/bc/bc_gap,146,random_13228_13109.mtx,0,0,23343436,10463,12572,6408
bgo/bc/bc_gap,147,random_2855_14363.mtx,0,0,17731762,2854,14363,1970
bgo/bc/bc_gap,148,random_6273_2229.mtx,0,0,1685841,23,22,9
bgo/bc/bc_gap,149,random_15274_11175.mtx,0,0,18421686,8386,8865,4389
bgo/bc/bc_gap,150,random_8859_13289.mtx,0,0,23188956,8355,13248,6229
bgo/bc/bc_gap,151,random_11991_3471.mtx,0,0,1762585,26,25,22
bgo/bc/bc_gap,152,random_4435_5517.mtx,0,0,10767091,3935,5446,1896
bgo/bc/bc_gap,153,random_1532_3691.mtx,0,0,6744979,1523,3691,141
bgo/bc/bc_gap,154,random_14265_5362.mtx,0,0,1664492,72,71,38
bgo/bc/bc_gap,155,random_3232_2642.mtx,0,0,6287531,2160,2357,1721
bgo/bc/bc_gap,156,random_10727_7834.mtx,0,0,13148306,5926,6259,1841
bgo/bc/bc_gap,157,random_5692_2204.mtx,0,0,1602305,45,44,30
bgo/bc/bc_gap,158,random_2769_7938.mtx,0,0,12344249,2761,7938,1587
bgo/bc/bc_gap,159,random_12710_7528.mtx,0,0,10083530,3763,3796,3186
bgo/bc/bc_gap,160,random_13916_2899.mtx,0,0,1391770,14,13,2
bgo/bc/bc_gap,161,random_9248_14900.mtx,0,0,24912949,8845,14873,6060
bgo/bc/bc_gap,162,random_1552_2969.mtx,0,0,5899533,1512,2968,953
bgo/bc/bc_gap,163,random_10495_11547.mtx,0,0,20421546,8817,11259,3069
bgo/bc/bc_gap,164,random_11758_13050.mtx,0,0,23176513,9907,12693,8884
bgo/bc/bc_gap,165,random_11343_931.mtx,0,0,1499833,6,5,2
bgo/bc/bc_gap,166,random_3459_11661.mtx,0,0,16386910,3456,11661,2004
bgo/bc/bc_gap,167,random_5943_7538.mtx,0,0,14113206,5307,7457,1801
bgo/bc/bc_gap,168,random_468_15634.mtx,0,0,10261733,468,15634,363
bgo/bc/bc_gap,169,random_644_12285.mtx,0,0,11740286,644,12285,225
bgo/bc/bc_gap,170,random_5236_7470.mtx,0,0,13658143,4879,7428,2539
bgo/bc/bc_gap,171,random_13096_2714.mtx,0,0,1457623,13,12,11
bgo/bc/bc_gap,172,random_2200_9559.mtx,0,0,13140763,2200,9559,518
bgo/bc/bc_gap,173,random_6880_15143.mtx,0,0,23637948,6808,15141,6643
bgo/bc/bc_gap,174,random_8121_14065.mtx,0,0,23782278,7806,14043,5234
bgo/bc/bc_gap,175,random_10711_13219.mtx,0,0,23578075,9484,13058,7433
bgo/bc/bc_gap,176,random_9562_9891.mtx,0,0,18147432,7790,9551,4159
bgo/bc/bc_gap,177,random_129_9399.mtx,0,0,4860745,129,8256,32
bgo/bc/bc_gap,178,random_14426_2920.mtx,0,0,1382923,13,12,9
bgo/bc/bc_gap,179,random_2069_6655.mtx,0,0,9986888,2065,6655,1975
bgo/bc/bc_gap,180,random_15618_13618.mtx,0,0,24267679,11219,12565,354
bgo/bc/bc_gap,181,random_4989_16298.mtx,0,0,22097489,4975,16298,1225
bgo/bc/bc_gap,182,random_5508_13778.mtx,0,0,21355107,5470,13778,1046
bgo/bc/bc_gap,183,random_10862_4966.mtx,0,0,1764198,94,93,69
bgo/bc/bc_gap,184,random_5756_13926.mtx,0,0,21625855,5707,13926,5623
bgo/bc/bc_gap,185,random_1130_9809.mtx,0,0,10468631,1130,9809,158
bgo/bc/bc_gap,186,random_11020_4306.mtx,0,0,1624727,40,39,5
bgo/bc/bc_gap,187,random_9558_2629.mtx,0,0,1626620,22,21,8
bgo/bc/bc_gap,188,random_9358_13664.mtx,0,0,23642156,8745,13596,2789
bgo/bc/bc_gap,189,random_8350_16191.mtx,0,0,25893698,8157,16182,6286
bgo/bc/bc_gap,190,random_12158_15499.mtx,0,0,27553220,10922,15331,4508
bgo/bc/bc_gap,191,random_5874_7418.mtx,0,0,13888555,5220,7324,4126
bgo/bc/bc_gap,192,random_6898_7493.mtx,0,0,14189059,5802,7301,334
bgo/bc/bc_gap,193,random_2709_13584.mtx,0,0,16622953,2709,13584,1513
bgo/bc/bc_gap,194,random_3981_11804.mtx,0,0,17332183,3975,11804,714
bgo/bc/bc_gap,195,random_8506_14755.mtx,0,0,24375221,8201,14740,3653
bgo/bc/bc_gap,196,random_4520_3920.mtx,0,0,8543001,3177,3562,1352
bgo/bc/bc_gap,197,random_3993_6798.mtx,0,0,12117794,3842,6794,2054
bgo/bc/bc_gap,198,random_9814_9306.mtx,0,0,17217368,7554,8808,1430
bgo/bc/bc_gap,199,random_13902_2053.mtx,0,0,1199139,10,9,1
bgo/bc/bc_gap,200,random_3727_6816.mtx,0,0,12026142,3622,6812,3318
bgo/bc/bc_gap,201,random_4995_12171.mtx,0,0,18837375,4967,12171,2862
bgo/bc/bc_gap,202,random_6679_7873.mtx,0,0,14732838,5822,7751,990
bgo/bc/bc_gap,203,random_13266_10869.mtx,0,0,18983870,8812,9693,7380
bgo/bc/bc_gap,204,random_11403_5094.mtx,0,0,2893596,255,254,189
bgo/bc/bc_gap,205,random_202_8105.mtx,0,0,7513630,202,8105,176
bgo/bc/bc_gap,206,random_6761_11463.mtx,0,0,19697428,6491,11449,1385
bgo/bc/bc_gap,207,random_11406_7561.mtx,0,0,11796171,5069,5227,893
bgo/bc/bc_gap,208,random_3748_12667.mtx,0,0,18005756,3742,12667,1257
bgo/bc/bc_gap,209,random_13136_89.mtx,0,0,1188679,3,2,1
bgo/bc/bc_gap,210,random_10324_12900.mtx,0,0,23025319,9178,12737,602
bgo/bc/bc_gap,211,random_8829_9667.mtx,0,0,17867427,7406,9445,5204
bgo/bc/bc_gap,212,random_5941_10370.mtx,0,0,17738354,5746,10362,5176
bgo/bc/bc_gap,213,random_6775_6764.mtx,0,0,12702871,5376,6474,476
bgo/bc/bc_gap,214,random_1224_12188.mtx,0,0,12504590,1224,12188,869
bgo/bc/bc_gap,215,random_7911_7018.mtx,0,0,13364673,5794,6564,404
bgo/bc/bc_gap,216,random_2563_5565.mtx,0,0,9635229,2522,5562,941
bgo/bc/bc_gap,217,random_9002_15793.mtx,0,0,26264073,8687,15764,1565
bgo/bc/bc_gap,218,random_16143_2168.mtx,0,0,1264151,9,8,6
bgo/bc/bc_gap,219,random_10698_2020.mtx,0,0,1290710,11,10,7
bgo/bc/bc_gap,220,random_146_9358.mtx,0,0,7060540,146,9358,136
bgo/bc/bc_gap,221,random_14569_10677.mtx,0,0,17606357,8168,8596,385
bgo/bc/bc_gap,222,random_15166_10579.mtx,0,0,16881718,7726,8024,2977
bgo/bc/bc_gap,223,random_5498_7944.mtx,0,0,14620177,5152,7919,3769
bgo/bc/bc_gap,224,random_3139_5912.mtx,0,0,11147314,3048,5907,1509
bgo/bc/bc_gap,225,random_12890_7447.mtx,0,0,9212897,3207,3229,999
bgo/bc/bc_gap,226,random_6268_2883.mtx,0,0,1986165,86,86,58
bgo/bc/bc_gap,227,random_12534_11593.mtx,0,0,20578510,9344,10823,5398
bgo/bc/bc_gap,228,random_9653_1577.mtx,0,0,1409022,16,15,7
bgo/bc/bc_gap,229,random_9595_10720.mtx,0,0,19816953,8239,10482,1246
bgo/bc/bc_gap,230,random_695_8900.mtx,0,0,10326355,695,8900,302
bgo/bc/bc_gap,231,random_9648_1150.mtx,0,0,1580964,6,5,4
bgo/bc/bc_gap,232,random_7729_15943.mtx,0,0,25503947,7613,15941,6101
bgo/bc/bc_gap,233,random_5524_4376.mtx,0,0,9239576,3534,3870,2351
bgo/bc/bc_gap,234,random_1747_10728.mtx,0,0,13541484,1747,10728,657
bgo/bc/bc_gap,235,random_2324_15560.mtx,0,0,18510051,2324,15560,1594
bgo/bc/bc_gap,236,random_14726_11786.mtx,0,0,20055480,9467,10272,9240
bgo/bc/bc_gap,237,random_12787_7461.mtx,0,0,10038084,3632,3663,767
bgo/bc/bc_gap,238,random_10843_1628.mtx,0,0,1283046,8,7,7
bgo/bc/bc_gap,239,random_8931_13142.mtx,0,0,22869036,8365,13094,5658
bgo/bc/bc_gap,240,random_2779_5470.mtx,0,0,9817781,2724,5470,2608
bgo/bc/bc_gap,241,random_6911_14882.mtx,0,0,23346000,6822,14881,4424
bgo/bc/bc_gap,242,random_14736_10100.mtx,0,0,15980117,7109,7372,4778
bgo/bc/bc_gap,243,random_8763_14581.mtx,0,0,24574775,8391,14548,2876
bgo/bc/bc_gap,244,random_12548_15674.mtx,0,0,27595599,11213,15496,9600
bgo/bc/bc_gap,245,random_9997_9677.mtx,0,0,17704571,7842,9249,1315
bgo/bc/bc_gap,246,random_10896_14523.mtx,0,0,25541948,9913,14407,2005
bgo/bc/bc_gap,247,random_14763_9260.mtx,0,0,13509744,5711,5823,5057
bgo/bc/bc_gap,248,random_3142_8611.mtx,0,0,13821770,3125,8610,2502
bgo/bc/bc_gap,249,random_4575_9516.mtx,0,0,15878787,4485,9511,2381
bgo/bc/bc_gap,250,random_10695_2468.mtx,0,0,1242079,16,15,12
bgo/bc/bc_gap,251,random_1823_5390.mtx,0,0,8813638,1819,5390,146
bgo/bc/bc_gap,252,random_1764_1762.mtx,0,0,4716324,1385,1676,280
bgo/bc/bc_gap,253,random_537_6825.mtx,0,0,7763388,537,6825,469
bgo/bc/bc_gap,254,random_1993_2840.mtx,0,0,6305886,1863,2831,36
bgo/bc/bc_gap,255,random_3027_11247.mtx,0,0,15806462,3026,11247,883
bgo/bc/bc_gap,256,random_8467_288.mtx,0,0,1309616,4,3,1
bgo/bc/bc_gap,257,random_7588_3656.mtx,0,0,2817363,269,268,95
bgo/bc/bc_gap,258,random_7637_2168.mtx,0,0,1472472,21,20,9
bgo/bc/bc_gap,259,random_4394_8648.mtx,0,0,14701009,4304,8643,3190
bgo/bc/bc_gap,260,random_7360_80.mtx,0,0,1337288,3,2,1
bgo/bc/bc_gap,261,random_8040_8147.mtx,0,0,15263894,6456,7816,3146
bgo/bc/bc_gap,262,random_263_3702.mtx,0,0,3894443,263,3702,186
bgo/bc/bc_gap,263,random_14856_10274.mtx,0,0,15849833,7396,7705,2391
bgo/bc/bc_gap,264,random_10319_9637.mtx,0,0,17680095,7844,9078,6875
bgo/bc/bc_gap,265,random_5717_7271.mtx,0,0,13375503,5141,7203,1315
bgo/bc/bc_gap,266,random_4500_13521.mtx,0,0,19587242,4485,13520,1812
bgo/bc/bc_gap,267,random_9480_1568.mtx,0,0,1242941,11,10,8
bgo/bc/bc_gap,268,random_11779_12032.mtx,0,0,21704893,9602,11626,1339
bgo/bc/bc_gap,269,random_5069_11266.mtx,0,0,15931797,5005,11264,1721
bgo/bc/bc_gap,270,random_3568_5381.mtx,0,0,10150896,3378,5362,2161
bgo/bc/bc_gap,271,random_9577_8892.mtx,0,0,16321337,7206,8318,2329
bgo/bc/bc_gap,272,random_8496_1857.mtx,0,0,1366473,12,11,11
bgo/bc/bc_gap,273,random_15738_12292.mtx,0,0,20608006,9755,10502,155
bgo/bc/bc_gap,274,random_14786_12584.mtx,0,0,21699363,10187,11323,5836
bgo/bc/bc_gap,275,random_12182_7293.mtx,0,0,10816433,3925,3977,1317
bgo/bc/bc_gap,276,random_6743_14197.mtx,0,0,22127396,6624,14194,6387
bgo/bc/bc_gap,277,random_12702_10066.mtx,0,0,17105167,8060,8736,366
bgo/bc/bc_gap,278,random_519_2832.mtx,0,0,4666632,519,2832,437
bgo/bc/bc_gap,279,random_8656_4940.mtx,0,0,7043940,2078,2097,217
bgo/bc/bc_gap,280,random_11724_7954.mtx,0,0,12791838,5471,5699,2875
bgo/bc/bc_gap,281,random_12879_927.mtx,0,0,1402300,7,6,3
bgo/bc/bc_gap,282,random_13261_11925.mtx,0,0,20681003,9634,11028,3650
bgo/bc/bc_gap,283,random_11607_4127.mtx,0,0,1844819,67,66,40
bgo/bc/bc_gap,284,random_16026_9287.mtx,0,0,10909258,4608,4668,2923
bgo/bc/bc_gap,285,random_9718_14810.mtx,0,0,25762723,9173,14764,8534
bgo/bc/bc_gap,286,random_3356_3054.mtx,0,0,6871296,2483,2849,2372
bgo/bc/bc_gap,287,random_15920_10974.mtx,0,0,16748909,7848,8143,2754
bgo/bc/bc_gap,288,random_8639_1447.mtx,0,0,1602235,9,8,6
bgo/bc/bc_gap,289,random_12308_2066.mtx,0,0,1598898,14,13,8
bgo/bc/bc_gap,290,random_8800_13704.mtx,0,0,23658036,8306,13658,8027
bgo/bc/bc_gap,291,random_13316_2714.mtx,0,0,1493010,12,11,7
bgo/bc/bc_gap,292,random_5359_16188.mtx,0,0,23050937,5346,16187,3801
bgo/bc/bc_gap,293,random_11457_14065.mtx,0,0,24915485,10151,13875,4414
bgo/bc/bc_gap,294,random_694_10546.mtx,0,0,11371295,694,10546,63
bgo/bc/bc_gap,295,random_16348_3759.mtx,0,0,1469846,13,12,11
bgo/bc/bc_gap,296,random_10244_7996.mtx,0,0,14437786,6375,6858,442
bgo/bc/bc_gap,297,random_655_9991.mtx,0,0,10498328,655,9991,397
bgo/bc/bc_gap,298,random_9644_984.mtx,0,0,1276444,6,5,4
bgo/bc/bc_gap,299,random_7624_2775.mtx,0,0,1664341,34,33,27
bgo/bc/bc_gap,300,random_16152_13455.mtx,0,0,22877413,10886,12016,5607
bgo/bc/bc_gap,301,random_3976_7218.mtx,0,0,12815022,3878,7215,3050
bgo/bc/bc_gap,302,random_10416_10439.mtx,0,0,19224082,8352,10028,2147
bgo/bc/bc_gap,303,random_9032_6568.mtx,0,0,11668001,4969,5227,670
bgo/bc/bc_gap,304,random_4353_13273.mtx,0,0,18959585,4340,13273,2791
bgo/bc/bc_gap,305,random_2538_6456.mtx,0,0,10768916,2515,6455,1981
bgo/bc/bc_gap,306,random_3580_2737.mtx,0,0,6090512,2124,2293,1571
bgo/bc/bc_gap,307,random_6372_2042.mtx,0,0,1541400,22,21,10
bgo/bc/bc_gap,308,random_7855_5530.mtx,0,0,10191723,4030,4224,1665
bgo/bc/bc_gap,309,random_5310_12415.mtx,0,0,19341492,5254,12411,371
bgo/bc/bc_gap,310,random_3315_4630.mtx,0,0,9298628,3061,4600,957
bgo/bc/bc_gap,311,random_2593_64.mtx,0,0,1228904,3,2,2
bgo/bc/bc_gap,312,random_8288_13233.mtx,0,0,22157362,7865,13202,2771
bgo/bc/bc_gap,313,random_11813_8379.mtx,0,0,13659796,6159,6411,4229
bgo/bc/bc_gap,314,random_7627_13447.mtx,0,0,22461753,7391,13438,825
bgo/bc/bc_gap,315,random_3903_12978.mtx,0,0,18486268,3899,12978,3419
bgo/bc/bc_gap,316,random_3351_15568.mtx,0,0,20255055,3350,15568,463
bgo/bc/bc_gap,317,random_6867_12300.mtx,0,0,20452705,6648,12288,3187
bgo/bc/bc_gap,318,random_14043_5469.mtx,0,0,1785850,54,53,37
bgo/bc/bc_gap,319,random_886_5250.mtx,0,0,6923153,886,5250,728
bgo/bc/bc_gap,320,random_2837_7374.mtx,0,0,11939100,2819,7374,1792
bgo/bc/bc_gap,321,random_3148_967.mtx,0,0,1568892,14,13,8
bgo/bc/bc_gap,322,random_14528_4971.mtx,0,0,1528597,36,35,8
bgo/bc/bc_gap,323,random_10411_6518.mtx,0,0,10312159,4050,4134,2274
bgo/bc/bc_gap,324,random_5347_12114.mtx,0,0,19074291,5290,12111,204
bgo/bc/bc_gap,325,random_9289_10587.mtx,0,0,20469306,8015,10398,2165
bgo/bc/bc_gap,326,random_5779_3512.mtx,0,0,6585911,1942,1965,479
bgo/bc/bc_gap,327,random_8878_10197.mtx,0,0,18497719,7617,10005,7508
bgo/bc/bc_gap,328,random_490_2119.mtx,0,0,3857634,490,2119,169
bgo/bc/bc_gap,329,random_13577_3304.mtx,0,0,1312241,19,18,2
bgo/bc/bc_gap,330,random_10711_4532.mtx,0,0,2295745,94,93,64
bgo/bc/bc_gap,331,random_1842_16335.mtx,0,0,15639379,1842,16335,836
bgo/bc/bc_gap,332,random_15450_1946.mtx,0,0,1431304,9,8,1
bgo/bc/bc_gap,333,random_10897_12513.mtx,0,0,22525283,9376,12269,8088
bgo/bc/bc_gap,334,random_5865_10443.mtx,0,0,17594546,5668,10424,1974
bgo/bc/bc_gap,335,random_6404_4334.mtx,0,0,8019058,3089,3229,2238
bgo/bc/bc_gap,336,random_6688_1906.mtx,0,0,1630317,21,20,15
bgo/bc/bc_gap,337,random_11735_15740.mtx,0,0,27049808,10676,15608,759
bgo/bc/bc_gap,338,random_272_3191.mtx,0,0,4330051,272,3191,200
bgo/bc/bc_gap,339,random_2597_4033.mtx,0,0,8315264,2461,4025,1809
bgo/bc/bc_gap,340,random_13787_3143.mtx,0,0,1298465,19,18,7
bgo/bc/bc_gap,341,random_3662_12903.mtx,0,0,18211522,3658,12903,1947
bgo/bc/bc_gap,342,random_13390_11153.mtx,0,0,19976112,9051,10039,2189
bgo/bc/bc_gap,343,random_2504_4430.mtx,0,0,8395494,2425,4428,1603
bgo/bc/bc_gap,344,random_2236_5073.mtx,0,0,9163655,2221,5073,2081
bgo/bc/bc_gap,345,random_3961_4530.mtx,0,0,9348431,3391,4438,1345
bgo/bc/bc_gap,346,random_12951_842.mtx,0,0,1304737,5,4,1
bgo/bc/bc_gap,347,random_8468_12713.mtx,0,0,22018511,7970,12668,7015
bgo/bc/bc_gap,348,random_1145_14988.mtx,0,0,15566943,1145,14988,393
bgo/bc/bc_gap,349,random_9104_249.mtx,0,0,1127134,4,3,3
bgo/bc/bc_gap,350,random_7392_8770.mtx,0,0,16463685,6480,8644,3067
bgo/bc/bc_gap,351,random_1573_12391.mtx,0,0,13395100,1573,12391,265
bgo/bc/bc_gap,352,random_14931_1127.mtx,0,0,1453706,6,5,4
bgo/bc/bc_gap,353,random_5930_48.mtx,0,0,1242991,3,2,1
bgo/bc/bc_gap,354,random_10881_5073.mtx,0,0,2591169,229,229,131
bgo/bc/bc_gap,355,random_1144_11876.mtx,0,0,12206571,1144,11876,944
bgo/bc/bc_gap,356,random_6807_7869.mtx,0,0,15054672,5911,7749,3712
bgo/bc/bc_gap,357,random_12942_15418.mtx,0,0,27176735,11349,15190,9441
bgo/bc/bc_gap,358,random_1051_15128.mtx,0,0,16188118,1051,15128,497
bgo/bc/bc_gap,359,random_11601_4438.mtx,0,0,1550328,48,47,39
bgo/bc/bc_gap,360,random_2633_6115.mtx,0,0,10226417,2609,6115,1075
bgo/bc/bc_gap,361,random_16200_12654.mtx,0,0,21944011,10134,10870,3650
bgo/bc/bc_gap,362,random_4083_7027.mtx,0,0,12315446,3954,7018,455
bgo/bc/bc_gap,363,random_13509_3679.mtx,0,0,1308774,23,22,4
bgo/bc/bc_gap,364,random_13408_15400.mtx,0,0,27118747,11499,15100,9034
bgo/bc/bc_gap,365,random_2582_14136.mtx,0,0,16920210,2582,14136,2299
bgo/bc/bc_gap,366,random_7463_13292.mtx,0,0,21754607,7224,13270,6713
bgo/bc/bc_gap,367,random_9632_12030.mtx,0,0,21449785,8604,11878,2362
bgo/bc/bc_gap,368,random_5729_4239.mtx,0,0,8537982,3274,3451,609
bgo/bc/bc_gap,369,random_10003_11363.mtx,0,0,20268861,8584,11117,5393
bgo/bc/bc_gap,370,random_13078_814.mtx,0,0,1326468,5,4,1
bgo/bc/bc_gap,371,random_991_1830.mtx,0,0,4455967,957,1830,51
bgo/bc/bc_gap,372,random_10512_12365.mtx,0,0,21774895,9189,12179,6593
bgo/bc/bc_gap,373,random_15442_1213.mtx,0,0,1522084,5,4,2
bgo/bc/bc_gap,374,random_12687_350.mtx,0,0,1288276,4,3,3
bgo/bc/bc_gap,375,random_3050_10879.mtx,0,0,15435547,3049,10879,2557
bgo/bc/bc_gap,376,random_13919_13958.mtx,0,0,25021773,11170,13386,6217
bgo/bc/bc_gap,377,random_6486_600.mtx,0,0,1462392,6,5,4
bgo/bc/bc_gap,378,random_9789_10820.mtx,0,0,19753083,8305,10590,5627
bgo/bc/bc_gap,379,random_7523_16030.mtx,0,0,25080113,7411,16026,3811
bgo/bc/bc_gap,380,random_10027_9594.mtx,0,0,18633805,7750,9103,350
bgo/bc/bc_gap,381,random_15742_1268.mtx,0,0,1350242,6,5,2
bgo/bc/bc_gap,382,random_13647_9018.mtx,0,0,13929833,6084,6261,1964
bgo/bc/bc_gap,383,random_10056_3499.mtx,0,0,1587617,28,27,21
bgo/bc/bc_gap,384,random_15038_10519.mtx,0,0,16817929,7712,8056,249
bgo/bc/bc_gap,385,random_10571_12439.mtx,0,0,22311912,9191,12222,5139
bgo/bc/bc_gap,386,random_5321_9291.mtx,0,0,16348349,5137,9278,2074
bgo/bc/bc_gap,387,random_7063_2417.mtx,0,0,1645165,40,39,36
bgo/bc/bc_gap,388,random_10257_14442.mtx,0,0,24995325,9567,14380,5793
bgo/bc/bc_gap,389,random_10425_7149.mtx,0,0,11564727,5053,5236,1590
bgo/bc/bc_gap,390,random_14463_472.mtx,0,0,1277566,4,3,3
bgo/bc/bc_gap,391,random_8149_4152.mtx,0,0,4554301,718,717,147
bgo/bc/bc_gap,392,random_9701_10437.mtx,0,0,19016292,8082,10166,643
bgo/bc/bc_gap,393,random_10837_6053.mtx,0,0,6941077,2124,2134,271
bgo/bc/bc_gap,394,random_15642_10792.mtx,0,0,17047229,7829,8146,4152
bgo/bc/bc_gap,395,random_9875_4001.mtx,0,0,1792161,50,50,34
bgo/bc/bc_gap,396,random_6125_13675.mtx,0,0,21770036,6053,13674,4412
bgo/bc/bc_gap,397,random_12700_10928.mtx,0,0,19549581,8886,9937,1793
bgo/bc/bc_gap,398,random_453_1229.mtx,0,0,3304417,449,1229,135
bgo/bc/bc_gap,399,random_12902_15626.mtx,0,0,27272364,11370,15411,2606
bgo/bc/bc_gap,400,random_7740_8723.mtx,0,0,16268378,6559,8499,2115
bgo/bc/bc_gap,401,random_8324_7805.mtx,0,0,14493300,6366,7384,5432
bgo/bc/bc_gap,402,random_7490_2833.mtx,0,0,2072527,47,46,6
bgo/bc/bc_gap,403,random_1787_7975.mtx,0,0,10723270,1787,7975,691
bgo/bc/bc_gap,404,random_8870_5559.mtx,0,0,8867639,3338,3406,3131
bgo/bc/bc_gap,405,random_2994_6064.mtx,0,0,10702120,2946,6063,1253
bgo/bc/bc_gap,406,random_14580_10574.mtx,0,0,17151795,7965,8401,83
bgo/bc/bc_gap,407,random_2084_5365.mtx,0,0,8957378,2076,5365,987
bgo/bc/bc_gap,408,random_7919_3338.mtx,0,0,1903149,54,53,27
bgo/bc/bc_gap,409,random_1268_7318.mtx,0,0,9982541,1268,7318,968
bgo/bc/bc_gap,410,random_16157_2053.mtx,0,0,1313704,12,11,4
bgo/bc/bc_gap,411,random_15472_7492.mtx,0,0,3640136,353,353,138
bgo/bc/bc_gap,412,random_1427_9028.mtx,0,0,11682659,1427,9028,1012
bgo/bc/bc_gap,413,random_12427_1694.mtx,0,0,1540088,11,10,3
bgo/bc/bc_gap,414,random_5421_1494.mtx,0,0,1659783,28,27,14
bgo/bc/bc_gap,415,random_10130_10003.mtx,0,0,18081679,7947,9521,7131
bgo/bc/bc_gap,416,random_12042_12663.mtx,0,0,22578061,9827,12246,746
bgo/bc/bc_gap,417,random_16371_11407.mtx,0,0,18198869,8329,8652,3655
bgo/bc/bc_gap,418,random_10139_10789.mtx,0,0,19447179,8388,10488,3954
bgo/bc/bc_gap,419,random_5947_5869.mtx,0,0,11535653,4646,5560,1673
bgo/bc/bc_gap,420,random_15944_14912.mtx,0,0,25607222,12074,14006,8783
bgo/bc/bc_gap,421,random_9275_3140.mtx,0,0,1605842,31,30,29
bgo/bc/bc_gap,422,random_13593_6539.mtx,0,0,3198047,244,243,177
bgo/bc/bc_gap,423,random_12185_82.mtx,0,0,1283527,2,1,1
bgo/bc/bc_gap,424,random_4312_14925.mtx,0,0,14598117,4311,14925,3323
bgo/bc/bc_gap,425,random_13428_12298.mtx,0,0,22802211,10049,11532,4269
bgo/bc/bc_gap,426,random_1869_214.mtx,0,0,1398964,5,4,2
bgo/bc/bc_gap,427,random_3866_14344.mtx,0,0,19408417,3863,14344,433
bgo/bc/bc_gap,428,random_34_18.mtx,0,0,1389676,12,11,9
bgo/bc/bc_gap,429,random_13831_6046.mtx,0,0,2256982,155,154,148
bgo/bc/bc_gap,430,random_3013_10658.mtx,0,0,14571988,3010,10658,2882
bgo/bc/bc_gap,431,random_7144_11743.mtx,0,0,20274732,6852,11729,331
bgo/bc/bc_gap,432,random_14117_180.mtx,0,0,1211011,3,2,1
bgo/bc/bc_gap,433,random_786_6657.mtx,0,0,7402732,786,6657,176
bgo/bc/bc_gap,434,random_12485_14631.mtx,0,0,25757584,10849,14376,9704
bgo/bc/bc_gap,435,random_4496_8246.mtx,0,0,14324964,4359,8239,4172
bgo/bc/bc_gap,436,random_16372_12667.mtx,0,0,21094920,9946,10668,1712
bgo/bc/bc_gap,437,random_5144_6690.mtx,0,0,12515972,4660,6630,1215
bgo/bc/bc_gap,438,random_14865_7521.mtx,0,0,2754806,328,328,100
bgo/bc/bc_gap,439,random_8040_14035.mtx,0,0,23699734,7764,14023,5227
bgo/bc/bc_gap,440,random_10646_14392.mtx,0,0,24885478,9753,14287,6196
bgo/bc/bc_gap,441,random_6178_10092.mtx,0,0,17856356,5911,10082,2903
bgo/bc/bc_gap,442,random_9326_1919.mtx,0,0,1470778,17,16,8
bgo/bc/bc_gap,443,random_4402_5006.mtx,0,0,10135307,3788,4896,2788
bgo/bc/bc_gap,444,random_9100_4468.mtx,0,0,2677461,234,233,161
bgo/bc/bc_gap,445,random_6572_13445.mtx,0,0,21688773,6451,13439,21
bgo/bc/bc_gap,446,random_15127_4098.mtx,0,0,1481729,15,14,3
bgo/bc/bc_gap,447,random_5553_8723.mtx,0,0,15359985,5275,8698,1655
bgo/bc/bc_gap,448,random_6101_701.mtx,0,0,1170705,7,6,3
bgo/bc/bc_gap,449,random_773_8716.mtx,0,0,9203509,773,8716,570
bgo/bc/bc_gap,450,random_5866_16313.mtx,0,0,23816504,5838,16312,3728
bgo/bc/bc_gap,451,random_879_6936.mtx,0,0,8039336,879,6936,521
bgo/bc/bc_gap,452,random_12277_390.mtx,0,0,1238192,4,3,2
bgo/bc/bc_gap,453,random_8207_856.mtx,0,0,1389576,6,5,5
bgo/bc/bc_gap,454,random_14497_10820.mtx,0,0,18224336,8501,8995,5630
bgo/bc/bc_gap,455,random_331_13766.mtx,0,0,10335843,331,13766,172
bgo/bc/bc_gap,456,random_11276_3499.mtx,0,0,1485696,21,20,6
bgo/bc/bc_gap,457,random_8360_12220.mtx,0,0,21327796,7831,12163,2997
bgo/bc/bc_gap,458,random_1234_8884.mtx,0,0,10577687,1234,8884,894
bgo/bc/bc_gap,459,random_12983_541.mtx,0,0,1406798,4,3,1
bgo/bc/bc_gap,460,random_201_4883.mtx,0,0,4786757,201,4883,29
bgo/bc/bc_gap,461,random_2730_12131.mtx,0,0,15363181,2730,12131,837
bgo/bc/bc_gap,462,random_15489_12720.mtx,0,0,21849906,10239,11270,666
bgo/bc/bc_gap,463,random_9054_8191.mtx,0,0,15004408,6600,7570,4783
bgo/bc/bc_gap,464,random_7303_2483.mtx,0,0,1552000,28,27,26
bgo/bc/bc_gap,465,random_8194_9765.mtx,0,0,17615625,7129,9605,3779
bgo/bc/bc_gap,466,random_6221_1449.mtx,0,0,1495154,12,11,8
bgo/bc/bc_gap,467,random_13708_15471.mtx,0,0,27058654,11698,15141,7762
bgo/bc/bc_gap,468,random_4173_8812.mtx,0,0,14516884,4120,8810,4105
bgo/bc/bc_gap,469,random_14433_12691.mtx,0,0,22031797,10325,11640,4910
bgo/bc/bc_gap,470,random_10141_15217.mtx,0,0,25775036,9538,15163,6973
bgo/bc/bc_gap,471,random_6756_14275.mtx,0,0,22419113,6638,14270,5373
bgo/bc/bc_gap,472,random_1044_6300.mtx,0,0,8284666,1044,6300,302
bgo/bc/bc_gap,473,random_10334_7749.mtx,0,0,13599363,6095,6466,5757
bgo/bc/bc_gap,474,random_12476_1551.mtx,0,0,1381631,10,9,2
bgo/bc/bc_gap,475,random_14744_14439.mtx,0,0,25441081,11639,13797,3319
bgo/bc/bc_gap,476,random_12935_423.mtx,0,0,1779407,4,3,3
bgo/bc/bc_gap,477,random_654_2879.mtx,0,0,5033439,654,2879,595
bgo/bc/bc_gap,478,random_4003_14212.mtx,0,0,19516139,3997,14212,3446
bgo/bc/bc_gap,479,random_184_11417.mtx,0,0,10366090,184,11417,87
bgo/bc/bc_gap,480,random_5271_1701.mtx,0,0,1518548,35,34,9
bgo/bc/bc_gap,481,random_9861_1985.mtx,0,0,1540810,14,13,10
bgo/bc/bc_gap,482,random_687_4514.mtx,0,0,6153661,687,4514,112
bgo/bc/bc_gap,483,random_4658_7601.mtx,0,0,13294391,4460,7584,1103
bgo/bc/bc_gap,484,random_5563_12115.mtx,0,0,19358443,5487,12113,526
bgo/bc/bc_gap,485,random_5588_1355.mtx,0,0,1370571,11,10,5
bgo/bc/bc_gap,486,random_10182_6386.mtx,0,0,10425041,3877,3966,3480
bgo/bc/bc_gap,487,random_12386_5769.mtx,0,0,2407305,201,200,136
bgo/bc/bc_gap,488,random_11015_7252.mtx,0,0,11209752,4716,4850,4045
bgo/bc/bc_gap,489,random_11770_2836.mtx,0,0,1512196,16,15,3
bgo/bc/bc_gap,490,random_13937_11406.mtx,0,0,20159897,9227,10099,5604
bgo/bc/bc_gap,491,random_5751_8483.mtx,0,0,15147166,5397,8442,1388
bgo/bc/bc_gap,492,random_11086_4495.mtx,0,0,2003036,93,92,81
bgo/bc/bc_gap,493,random_6153_4736.mtx,0,0,9272839,3630,3886,1677
bgo/bc/bc_gap,494,random_12986_11996.mtx,0,0,21258887,9734,11212,5
bgo/bc/bc_gap,495,random_4446_1830.mtx,0,0,1601353,49,48,19
bgo/bc/bc_gap,496,random_6450_5594.mtx,0,0,10848244,4559,5103,499
bgo/bc/bc_gap,497,random_11519_9691.mtx,0,0,17401193,7879,8709,5847
bgo/bc/bc_gap,498,random_5332_3106.mtx,0,0,4567946,1028,1030,756
bgo/bc/bc_gap,499,random_5713_12614.mtx,0,0,19694473,5635,12611,474
bgo/bc/bc_gap,500,random_13680_2336.mtx,0,0,1430523,10,9,7
bgo/bc/bc_gap,501,random_10099_9357.mtx,0,0,16768696,7576,8788,7261
bgo/bc/bc_gap,502,random_10071_6521.mtx,0,0,10730573,4287,4415,460
bgo/bc/bc_gap,503,random_11951_1219.mtx,0,0,1289499,6,5,4
bgo/bc/bc_gap,504,random_8250_461.mtx,0,0,1474164,4,3,3
bgo/bc/bc_gap,505,random_10003_4048.mtx,0,0,1788544,50,49,16
bgo/bc/bc_gap,506,random_15640_3202.mtx,0,0,1331417,12,11,11
bgo/bc/bc_gap,507,random_15432_9289.mtx,0,0,12727378,4954,5020,1428
bgo/bc/bc_gap,508,random_9636_9311.mtx,0,0,17531697,7501,8861,3058
bgo/bc/bc_gap,509,random_12103_11687.mtx,0,0,20647741,9474,11121,3790
bgo/bc/bc_gap,510,random_1306_5692.mtx,0,0,8165764,1306,5692,1061
bgo/bc/bc_gap,511,random_1792_15937.mtx,0,0,17954992,1792,15937,585
bgo/bc/bc_gap,512,random_4345_14626.mtx,0,0,20614639,4340,14626,3403
bgo/bc/bc_gap,513,random_15097_7768.mtx,0,0,3730285,590,591,447
bgo/bc/bc_gap,514,random_15648_1876.mtx,0,0,1316920,7,6,2
bgo/bc/bc_gap,515,random_5488_11771.mtx,0,0,18919239,5407,11770,1318
bgo/bc/bc_gap,516,random_1442_4209.mtx,0,0,7329765,1438,4209,588
bgo/bc/bc_gap,517,random_11627_13798.mtx,0,0,24549077,10188,13587,4703
bgo/bc/bc_gap,518,random_12143_5733.mtx,0,0,2992441,248,247,247
bgo/bc/bc_gap,519,random_15426_11219.mtx,0,0,18538105,8572,9012,3993
bgo/bc/bc_gap,520,random_3582_13839.mtx,0,0,18682496,3581,13839,2091
bgo/bc/bc_gap,521,random_8404_10695.mtx,0,0,19011833,7546,10601,4161
bgo/bc/bc_gap,522,random_1869_1677.mtx,0,0,4861437,1394,1578,385
bgo/bc/bc_gap,523,random_2404_5201.mtx,0,0,9007773,2370,5200,1729
bgo/bc/bc_gap,524,random_14197_7103.mtx,0,0,2995086,325,324,77
bgo/bc/bc_gap,525,random_8247_9748.mtx,0,0,17919194,7220,9590,73
bgo/bc/bc_gap,526,random_3025_5837.mtx,0,0,10320124,2958,5835,367
bgo/bc/bc_gap,527,random_10807_11979.mtx,0,0,21544102,9165,11692,3213
bgo/bc/bc_gap,528,random_12601_12725.mtx,0,0,22854961,10112,12261,4664
bgo/bc/bc_gap,529,random_15665_7543.mtx,0,0,2575921,190,189,50
bgo/bc/bc_gap,530,random_2278_3566.mtx,0,0,7437728,2177,3558,1463
bgo/bc/bc_gap,531,random_92_652.mtx,0,0,1873704,92,652,36
bgo/bc/bc_gap,532,random_13345_8688.mtx,0,0,13212097,5579,5718,2390
bgo/bc/bc_gap,533,random_9308_6918.mtx,0,0,12461509,5472,5787,4785
bgo/bc/bc_gap,534,random_7832_10801.mtx,0,0,18789777,7194,10728,1512
bgo/bc/bc_gap,535,random_13390_11076.mtx,0,0,19032772,8878,9754,2045
bgo/bc/bc_gap,536,random_6835_80.mtx,0,0,1363507,3,2,2
bgo/bc/bc_gap,537,random_13144_1513.mtx,0,0,1411888,7,6,6
bgo/bc/bc_gap,538,random_6523_13311.mtx,0,0,21484761,6375,13308,2749
bgo/bc/bc_gap,539,random_2964_14307.mtx,0,0,17561503,2964,14307,868
bgo/bc/bc_gap,540,random_14776_2464.mtx,0,0,1378205,12,11,5
bgo/bc/bc_gap,541,random_12140_13928.mtx,0,0,24595254,10460,13654,9947
bgo/bc/bc_gap,542,random_3238_3406.mtx,0,0,7746968,2691,3320,2202
bgo/bc/bc_gap,543,random_13782_11637.mtx,0,0,20438989,9542,10554,3780
bgo/bc/bc_gap,544,random_11372_15827.mtx,0,0,27289126,10515,15737,4081
bgo/bc/bc_gap,545,random_345_13772.mtx,0,0,10288444,345,13772,116
bgo/bc/bc_gap,546,random_3885_7648.mtx,0,0,13117760,3804,7647,2307
bgo/bc/bc_gap,547,random_11398_9821.mtx,0,0,17448582,7951,8889,4416
bgo/bc/bc_gap,548,random_10506_1658.mtx,0,0,1565005,8,7,2
bgo/bc/bc_gap,549,random_14060_2554.mtx,0,0,1404995,13,12,4
bgo/bc/bc_gap,550,random_6282_667.mtx,0,0,1564404,6,5,4
bgo/bc/bc_gap,551,random_5009_10238.mtx,0,0,16713213,4919,10230,2163
bgo/bc/bc_gap,552,random_15654_5283.mtx,0,0,1528075,29,28,23
bgo/bc/bc_gap,553,random_1424_9996.mtx,0,0,12036973,1424,9996,940
bgo/bc/bc_gap,554,random_8968_1447.mtx,0,0,1491778,9,8,2
bgo/bc/bc_gap,555,random_5916_4052.mtx,0,0,7574505,2923,3046,1448
bgo/bc/bc_gap,556,random_7747_1497.mtx,0,0,1320737,8,7,5
bgo/bc/bc_gap,557,random_1930_12116.mtx,0,0,14172398,1930,12116,979
bgo/bc/bc_gap,558,random_11648_9216.mtx,0,0,16209579,7338,7936,6357
bgo/bc/bc_gap,559,random_2658_10296.mtx,0,0,13808045,2656,10296,798
bgo/bc/bc_gap,560,random_1166_15643.mtx,0,0,17010680,1166,15643,499
bgo/bc/bc_gap,561,random_10550_14182.mtx,0,0,25005032,9680,14097,443
bgo/bc/bc_gap,562,random_15946_11281.mtx,0,0,17530856,8446,8818,7718
bgo/bc/bc_gap,563,random_8393_8597.mtx,0,0,15603001,6805,8282,544
bgo/bc/bc_gap,564,random_2334_7057.mtx,0,0,11031187,2330,7057,1663
bgo/bc/bc_gap,565,random_10823_2607.mtx,0,0,1380299,24,23,3
bgo/bc/bc_gap,566,random_12006_6364.mtx,0,0,5948535,1088,1087,207
bgo/bc/bc_gap,567,random_13577_5702.mtx,0,0,1676805,66,65,50
bgo/bc/bc_gap,568,random_10643_7314.mtx,0,0,12236748,5298,5528,4260
bgo/bc/bc_gap,569,random_14925_14641.mtx,0,0,25607893,11674,13940,10514
bgo/bc/bc_gap,570,random_12337_6405.mtx,0,0,4272402,532,531,524
bgo/bc/bc_gap,571,random_10052_9869.mtx,0,0,18011187,7945,9415,2346
bgo/bc/bc_gap,572,random_8816_10192.mtx,0,0,18646789,7636,10004,3308
bgo/bc/bc_gap,573,random_13721_13154.mtx,0,0,23565573,10630,12499,4765
bgo/bc/bc_gap,574,random_8967_11742.mtx,0,0,20862845,8139,11653,4879
bgo/bc/bc_gap,575,random_10585_14544.mtx,0,0,25329100,9767,14459,1051
bgo/bc/bc_gap,576,random_9460_2381.mtx,0,0,1553113,25,24,6
bgo/bc/bc_gap,577,random_10237_3334.mtx,0,0,1590663,34,33,3
bgo/bc/bc_gap,578,random_4906_11382.mtx,0,0,18439420,4861,11381,4800
bgo/bc/bc_gap,579,random_12635_12295.mtx,0,0,21894990,9856,11738,8920
bgo/bc/bc_gap,580,random_10602_6167.mtx,0,0,8578517,2927,2950,458
bgo/bc/bc_gap,581,random_9353_4824.mtx,0,0,4219714,472,472,317
bgo/bc/bc_gap,582,random_4225_8418.mtx,0,0,14199539,4143,8414,2222
bgo/bc/bc_gap,583,random_1253_15548.mtx,0,0,15536155,1253,15548,177
bgo/bc/bc_gap,584,random_4778_3052.mtx,0,0,6166695,1912,1959,85
bgo/bc/bc_gap,585,random_9463_11435.mtx,0,0,20413221,8357,11278,8273
bgo/bc/bc_gap,586,random_14760_4980.mtx,0,0,1647109,32,31,12
bgo/bc/bc_gap,587,random_881_2603.mtx,0,0,5060450,877,2603,383
bgo/bc/bc_gap,588,random_3332_359.mtx,0,0,1304837,6,5,3
bgo/bc/bc_gap,589,random_2551_2487.mtx,0,0,5877472,1976,2360,1232
bgo/bc/bc_gap,590,random_11644_2744.mtx,0,0,1489854,20,19,18
bgo/bc/bc_gap,591,random_5236_5608.mtx,0,0,11147015,4375,5463,3152
bgo/bc/bc_gap,592,random_16342_4576.mtx,0,0,1540028,23,22,10
bgo/bc/bc_gap,593,random_11361_11866.mtx,0,0,21475063,9327,11510,5947
bgo/bc/bc_gap,594,random_7741_4361.mtx,0,0,6188736,1708,1713,994
bgo/bc/bc_gap,595,random_8917_7626.mtx,0,0,14219085,6169,6882,5388
bgo/bc/bc_gap,596,random_13151_7853.mtx,0,0,11110325,4439,4519,794
bgo/bc/bc_gap,597,random_15407_7714.mtx,0,0,3193769,297,296,142
bgo/bc/bc_gap,598,random_7536_13590.mtx,0,0,22384649,7279,13576,2026
bgo/bc/bc_gap,599,random_13552_2248.mtx,0,0,1631310,14,13,5
bgo/bc/bc_gap,600,random_4871_14858.mtx,0,0,21497625,4859,14858,3976
bgo/bc/bc_gap,601,random_2453_1827.mtx,0,0,4766349,1398,1476,852
bgo/bc/bc_gap,602,random_10865_13236.mtx,0,0,23544955,9606,13060,2876
bgo/bc/bc_gap,603,random_6089_10948.mtx,0,0,18806798,5910,10943,403
bgo/bc/bc_gap,604,random_7462_13595.mtx,0,0,22152623,7240,13582,2646
bgo/bc/bc_gap,605,random_6182_6263.mtx,0,0,12233592,4953,6003,4704
bgo/bc/bc_gap,606,random_6095_10368.mtx,0,0,17615445,5860,10351,2364
bgo/bc/bc_gap,607,random_14649_11143.mtx,0,0,18455060,8697,9297,458
bgo/bc/bc_gap,608,random_16346_5637.mtx,0,0,1692444,53,52,22
bgo/bc/bc_gap,609,random_7693_11990.mtx,0,0,20237943,7290,11940,2100
bgo/bc/bc_gap,610,random_5123_12357.mtx,0,0,18932484,5074,12357,2315
bgo/bc/bc_gap,611,random_6988_15170.mtx,0,0,23555324,6902,15162,6640
bgo/bc/bc_gap,612,random_1901_3343.mtx,0,0,6652796,1851,3339,806
bgo/bc/bc_gap,613,random_8555_15589.mtx,0,0,25576043,8321,15582,5435
bgo/bc/bc_gap,614,random_16102_11835.mtx,0,0,19166013,9109,9655,4320
bgo/bc/bc_gap,615,random_3773_8102.mtx,0,0,13754745,3731,8100,8
bgo/bc/bc_gap,616,random_10214_10889.mtx,0,0,19674196,8484,10577,4696
bgo/bc/bc_gap,617,random_3955_10399.mtx,0,0,15888837,3929,10397,1846
bgo/bc/bc_gap,618,random_3152_13761.mtx,0,0,18121384,3152,13761,1954
bgo/bc/bc_gap,619,random_4439_15785.mtx,0,0,23085984,4435,15785,2596
bgo/bc/bc_gap,620,random_5623_12095.mtx,0,0,19337434,5559,12095,2308
bgo/bc/bc_gap,621,random_14289_2970.mtx,0,0,1374047,15,14,7
bgo/bc/bc_gap,622,random_3171_8946.mtx,0,0,13657733,3162,8946,51
bgo/bc/bc_gap,623,random_13482_7042.mtx,0,0,3484524,587,588,382
bgo/bc/bc_gap,624,random_721_14719.mtx,0,0,14482289,721,14719,403
bgo/bc/bc_gap,625,random_15526_3543.mtx,0,0,1409103,20,19,16
bgo/bc/bc_gap,626,random_8814_7334.mtx,0,0,13520866,5918,6570,5837
bgo/bc/bc_gap,627,random_1987_1210.mtx,0,0,4239611,664,670,468
bgo/bc/bc_gap,628,random_6195_12833.mtx,0,0,20628385,6099,12832,1876
bgo/bc/bc_gap,629,random_648_14512.mtx,0,0,11828362,648,14512,549
bgo/bc/bc_gap,630,random_10834_6841.mtx,0,0,10688765,4336,4448,1872
bgo/bc/bc_gap,631,random_9717_13637.mtx,0,0,24126735,8995,13559,5116
bgo/bc/bc_gap,632,random_550_15978.mtx,0,0,10849907,550,15978,341
bgo/bc/bc_gap,633,random_13012_15775.mtx,0,0,27343218,11463,15574,5422
bgo/bc/bc_gap,634,random_4007_3228.mtx,0,0,7151181,2599,2816,2246
bgo/bc/bc_gap,635,random_1712_4862.mtx,0,0,7952614,1706,4861,55
bgo/bc/bc_gap,636,random_8179_6369.mtx,0,0,11935173,5121,5481,2630
bgo/bc/bc_gap,637,random_13039_6614.mtx,0,0,2419698,267,266,251
bgo/bc/bc_gap,638,random_3141_12190.mtx,0,0,16250676,3138,12190,2077
bgo/bc/bc_gap,639,random_10012_9820.mtx,0,0,17948219,7868,9368,3334
bgo/bc/bc_gap,640,random_4363_12396.mtx,0,0,18629726,4351,12396,1829
bgo/bc/bc_gap,641,random_12558_4840.mtx,0,0,1932905,96,95,8
bgo/bc/bc_gap,642,random_5137_2818.mtx,0,0,5557682,1117,1122,85
bgo/bc/bc_gap,643,random_9127_9772.mtx,0,0,17833383,7556,9482,3174
bgo/bc/bc_gap,644,random_11874_3342.mtx,0,0,1443938,23,22,10
bgo/bc/bc_gap,645,random_8665_1930.mtx,0,0,1479565,13,12,10
bgo/bc/bc_gap,646,random_15475_2844.mtx,0,0,1287715,15,14,8
bgo/bc/bc_gap,647,random_3198_3242.mtx,0,0,7350074,2552,3091,1919
bgo/bc/bc_gap,648,random_9412_14831.mtx,0,0,24798214,8953,14789,3568
bgo/bc/bc_gap,649,random_10330_9049.mtx,0,0,16507947,7388,8342,5511
bgo/bc/bc_gap,650,random_4811_6788.mtx,0,0,12757504,4487,6760,2407
bgo/bc/bc_gap,651,random_4246_12108.mtx,0,0,18306060,4229,12108,1966
bgo/bc/bc_gap,652,random_13728_2613.mtx,0,0,1262918,11,10,5
bgo/bc/bc_gap,653,random_3722_2329.mtx,0,0,5658001,1498,1524,96
bgo/bc/bc_gap,654,random_4724_13109.mtx,0,0,19490751,4711,13109,1221
bgo/bc/bc_gap,655,random_12989_1718.mtx,0,0,1309385,8,7,7
bgo/bc/bc_gap,656,random_1446_15088.mtx,0,0,14166046,1446,15088,809
bgo/bc/bc_gap,657,random_13745_13321.mtx,0,0,23699284,10708,12667,7841
bgo/bc/bc_gap,658,random_3163_11333.mtx,0,0,15772939,3161,11333,890
bgo/bc/bc_gap,659,random_13915_10117.mtx,0,0,16453546,7707,8084,3741
bgo/bc/bc_gap,660,random_5865_16064.mtx,0,0,23859203,5843,16064,1949
bgo/bc/bc_gap,661,random_1051_12078.mtx,0,0,12393362,1051,12078,878
bgo/bc/bc_gap,662,random_9290_7639.mtx,0,0,13712154,6157,6754,4232
bgo/bc/bc_gap,663,random_12964_1266.mtx,0,0,1469876,6,5,3
bgo/bc/bc_gap,664,random_2059_4864.mtx,0,0,8535928,2049,4864,1048
bgo/bc/bc_gap,665,random_4514_6699.mtx,0,0,12454446,4232,6673,2252
bgo/bc/bc_gap,666,random_4881_14289.mtx,0,0,20761946,4866,14289,1672
bgo/bc/bc_gap,667,random_6557_7986.mtx,0,0,14772974,5809,7898,644
bgo/bc/bc_gap,668,random_8649_14273.mtx,0,0,23982996,8307,14247,3050
bgo/bc/bc_gap,669,random_570_7543.mtx,0,0,8838696,570,7543,186
bgo/bc/bc_gap,670,random_13299_9434.mtx,0,0,14993327,6910,7202,5869
bgo/bc/bc_gap,671,random_7517_8249.mtx,0,0,15348503,6306,8036,840
bgo/bc/bc_gap,672,random_14142_6081.mtx,0,0,2184105,109,108,14
bgo/bc/bc_gap,673,random_2790_1464.mtx,0,0,2384231,172,171,20
bgo/bc/bc_gap,674,random_11750_12300.mtx,0,0,21781678,9518,11797,7391
bgo/bc/bc_gap,675,random_5045_7539.mtx,0,0,13761827,4762,7522,3962
bgo/bc/bc_gap,676,random_9146_6787.mtx,0,0,12104911,5208,5524,1990
bgo/bc/bc_gap,677,random_3092_6456.mtx,0,0,11331961,3049,6451,854
bgo/bc/bc_gap,678,random_3798_9191.mtx,0,0,14535689,3774,9190,3203
bgo/bc/bc_gap,679,random_3666_6670.mtx,0,0,11958547,3576,6667,640
bgo/bc/bc_gap,680,random_1117_14473.mtx,0,0,15445074,1117,14473,1046
bgo/bc/bc_gap,681,random_8345_10105.mtx,0,0,18313514,7377,9983,5317
bgo/bc/bc_gap,682,random_4895_2564.mtx,0,0,3272577,457,457,273
bgo/bc/bc_gap,683,random_9709_186.mtx,0,0,1337117,5,4,2
bgo/bc/bc_gap,684,random_348_8400.mtx,0,0,7198209,348,8400,4
bgo/bc/bc_gap,685,random_9972_4618.mtx,0,0,3676534,495,497,261
bgo/bc/bc_gap,686,random_7943_11014.mtx,0,0,19351691,7293,10926,3289
bgo/bc/bc_gap,687,random_5864_4829.mtx,0,0,9600694,3937,4337,3310
bgo/bc/bc_gap,688,random_3168_11942.mtx,0,0,16324103,3166,11942,2687
bgo/bc/bc_gap,689,random_2644_7794.mtx,0,0,11827240,2639,7794,623
bgo/bc/bc_gap,690,random_91_6272.mtx,0,0,2951565,91,4095,24
bgo/bc/bc_gap,691,random_6631_6130.mtx,0,0,11882814,4995,5733,2993
bgo/bc/bc_gap,692,random_9287_1785.mtx,0,0,1408512,12,11,11
bgo/bc/bc_gap,693,random_7186_833.mtx,0,0,1376662,6,5,1
bgo/bc/bc_gap,694,random_6233_11191.mtx,0,0,18670754,6027,11177,4914
bgo/bc/bc_gap,695,random_12644_13765.mtx,0,0,24740567,10654,13422,4559
bgo/bc/bc_gap,696,random_9663_13344.mtx,0,0,23433927,8897,13273,3721
bgo/bc/bc_gap,697,random_582_11024.mtx,0,0,9873166,582,11024,524
bgo/bc/bc_gap,698,random_12667_12871.mtx,0,0,23355439,10214,12399,6239
bgo/bc/bc_gap,699,random_10855_161.mtx,0,0,1375840,3,2,2
bgo/bc/bc_gap,700,random_7412_11888.mtx,0,0,20389717,7064,11862,6231
bgo/bc/bc_gap,701,random_6955_12094.mtx,0,0,20192537,6688,12077,1185
bgo/bc/bc_gap,702,random_7379_5243.mtx,0,0,9295362,3800,4026,1086
bgo/bc/bc_gap,703,random_4748_2250.mtx,0,0,1685301,90,89,32
bgo/bc/bc_gap,704,random_11130_7444.mtx,0,0,12024590,5152,5281,3069
bgo/bc/bc_gap,705,random_15364_9082.mtx,0,0,10894722,4217,4273,1132
bgo/bc/bc_gap,706,random_4799_12660.mtx,0,0,18986606,4770,12658,3218
bgo/bc/bc_gap,707,random_5912_1334.mtx,0,0,1391810,14,13,5
bgo/bc/bc_gap,708,random_8121_9187.mtx,0,0,16873413,6924,8969,1242
bgo/bc/bc_gap,709,random_4242_5821.mtx,0,0,10952529,3920,5786,991
bgo/bc/bc_gap,710,random_4239_9956.mtx,0,0,15932248,4195,9954,4
bgo/bc/bc_gap,711,random_2230_12113.mtx,0,0,14988959,2230,12113,705
bgo/bc/bc_gap,712,random_8781_7697.mtx,0,0,14256887,6293,7096,342
bgo/bc/bc_gap,713,random_5444_11854.mtx,0,0,19032392,5359,11850,863
bgo/bc/bc_gap,714,random_15614_14291.mtx,0,0,25091815,11601,13379,10100
bgo/bc/bc_gap,715,random_584_13330.mtx,0,0,10090142,584,13330,468
bgo/bc/bc_gap,716,random_3302_5408.mtx,0,0,10084792,3158,5396,1240
bgo/bc/bc_gap,717,random_12715_14566.mtx,0,0,25797448,10940,14297,3509
bgo/bc/bc_gap,718,random_7647_16365.mtx,0,0,25779535,7527,16362,2132
bgo/bc/bc_gap,719,random_13109_5940.mtx,0,0,2215675,112,111,52
bgo/bc/bc_gap,720,random_13077_15479.mtx,0,0,27090574,11411,15263,3009
bgo/bc/bc_gap,721,random_11345_16223.mtx,0,0,27766651,10510,16127,639
bgo/bc/bc_gap,722,random_4492_11670.mtx,0,0,18091558,4469,11670,3031
bgo/bc/bc_gap,723,random_11066_9159.mtx,0,0,16475046,7439,8200,7238
bgo/bc/bc_gap,724,random_5613_4510.mtx,0,0,8817436,3558,3887,120
bgo/bc/bc_gap,725,random_7308_14197.mtx,0,0,23307319,7157,14191,1789
bgo/bc/bc_gap,726,random_327_4042.mtx,0,0,5081540,327,4042,106
bgo/bc/bc_gap,727,random_243_2338.mtx,0,0,3782574,243,2338,152
bgo/bc/bc_gap,728,random_2290_2943.mtx,0,0,6657765,2053,2912,236
bgo/bc/bc_gap,729,random_2139_4574.mtx,0,0,8300446,2106,4570,1215
bgo/bc/bc_gap,730,random_3658_12198.mtx,0,0,17391865,3654,12198,2707
bgo/bc/bc_gap,731,random_4198_4027.mtx,0,0,8333488,3212,3809,2758
bgo/bc/bc_gap,732,random_10162_630.mtx,0,0,1406748,5,4,2
bgo/bc/bc_gap,733,random_12060_5230.mtx,0,0,2238528,117,116,36
bgo/bc/bc_gap,734,random_9993_11074.mtx,0,0,19841410,8441,10807,630
bgo/bc/bc_gap,735,random_5511_7015.mtx,0,0,13084277,4951,6940,245
bgo/bc/bc_gap,736,random_2795_100.mtx,0,0,1171106,3,2,2
bgo/bc/bc_gap,737,random_3948_7624.mtx,0,0,12980253,3868,7622,3805
bgo/bc/bc_gap,738,random_5235_3830.mtx,0,0,7743451,2980,3155,867
bgo/bc/bc_gap,739,random_14201_4436.mtx,0,0,1636619,27,26,10
bgo/bc/bc_gap,740,random_975_4721.mtx,0,0,6867048,974,4721,445
bgo/bc/bc_gap,741,random_9247_8349.mtx,0,0,15238577,6812,7779,918
bgo/bc/bc_gap,742,random_5210_3923.mtx,0,0,8210938,3146,3335,1464
bgo/bc/bc_gap,743,random_15616_10175.mtx,0,0,15297888,6787,6973,3430
bgo/bc/bc_gap,744,random_2103_5220.mtx,0,0,9126586,2078,5218,1459
bgo/bc/bc_gap,745,random_11319_12814.mtx,0,0,22864589,9729,12542,9719
bgo/bc/bc_gap,746,random_4592_14639.mtx,0,0,20542093,4575,14639,4376
bgo/bc/bc_gap,747,random_3315_3854.mtx,0,0,8332376,2886,3786,2385
bgo/bc/bc_gap,748,random_3301_5268.mtx,0,0,9754884,3138,5256,961
bgo/bc/bc_gap,749,random_1857_11582.mtx,0,0,14559474,1857,11582,1605
bgo/bc/bc_gap,750,random_7954_9049.mtx,0,0,16885777,6803,8858,4893
bgo/bc/bc_gap,751,random_9312_5945.mtx,0,0,10361160,3821,3900,763
bgo/bc/bc_gap,752,random_2157_843.mtx,0,0,1650685,29,28,23
bgo/bc/bc_gap,753,random_2781_13669.mtx,0,0,16578600,2781,13669,1670
bgo/bc/bc_gap,754,random_10767_198.mtx,0,0,1373506,4,3,1
bgo/bc/bc_gap,755,random_3758_2692.mtx,0,0,6022905,2032,2130,1121
bgo/bc/bc_gap,756,random_9956_5093.mtx,0,0,3807059,430,429,242
bgo/bc/bc_gap,757,random_14822_8052.mtx,0,0,8870395,2525,2531,783
bgo/bc/bc_gap,758,random_15803_6163.mtx,0,0,1939888,86,85,81
bgo/bc/bc_gap,759,random_8596_14847.mtx,0,0,24422099,8280,14829,638
bgo/bc/bc_gap,760,random_14072_12367.mtx,0,0,21506071,10000,11300,6058
bgo/bc/bc_gap,761,random_6023_3882.mtx,0,0,7001730,2459,2523,1001
bgo/bc/bc_gap,762,random_11606_7204.mtx,0,0,10714503,4314,4383,3559
bgo/bc/bc_gap,763,random_4992_9439.mtx,0,0,15976361,4875,9432,505
bgo/bc/bc_gap,764,random_9788_13713.mtx,0,0,23448183,9090,13638,2239
bgo/bc/bc_gap,765,random_8399_8631.mtx,0,0,15902643,6796,8311,300
bgo/bc/bc_gap,766,random_3758_335.mtx,0,0,1239585,6,5,5
bgo/bc/bc_gap,767,random_14617_12280.mtx,0,0,21363103,9940,11022,5629
bgo/bc/bc_gap,768,random_6910_2630.mtx,0,0,1960617,86,85,68
bgo/bc/bc_gap,769,random_2177_15311.mtx,0,0,18506986,2177,15311,1512
bgo/bc/bc_gap,770,random_15709_9290.mtx,0,0,11257091,4245,4276,3987
bgo/bc/bc_gap,771,random_2374_11419.mtx,0,0,14196302,2374,11419,1958
bgo/bc/bc_gap,772,random_10582_1551.mtx,0,0,1407790,9,8,1
bgo/bc/bc_gap,773,random_5693_14092.mtx,0,0,21535907,5656,14092,2294
bgo/bc/bc_gap,774,random_7563_453.mtx,0,0,1342809,5,4,3
bgo/bc/bc_gap,775,random_14013_5190.mtx,0,0,1851512,63,62,37
bgo/bc/bc_gap,776,random_4305_13649.mtx,0,0,18976747,4298,13649,2802
bgo/bc/bc_gap,777,random_770_1540.mtx,0,0,3897520,755,1540,437
bgo/bc/bc_gap,778,random_13011_1104.mtx,0,0,1349270,6,5,5
bgo/bc/bc_gap,779,random_2764_1522.mtx,0,0,3183260,512,515,339
bgo/bc/bc_gap,780,random_5279_10680.mtx,0,0,17699752,5182,10677,3689
bgo/bc/bc_gap,781,random_10225_2363.mtx,0,0,1524239,14,13,1
bgo/bc/bc_gap,782,random_4000_13637.mtx,0,0,19117963,3995,13637,3898
bgo/bc/bc_gap,783,random_1430_10331.mtx,0,0,12547511,1430,10331,399
bgo/bc/bc_gap,784,random_2495_2752.mtx,0,0,6235613,2117,2690,1526
bgo/bc/bc_gap,785,random_13228_11757.mtx,0,0,20949197,9614,10877,231
bgo/bc/bc_gap,786,random_4482_4971.mtx,0,0,9906027,3806,4861,2694
bgo/bc/bc_gap,787,random_11828_12571.mtx,0,0,22435905,9807,12200,7882
bgo/bc/bc_gap,788,random_12013_14237.mtx,0,0,25387530,10463,14017,2750
bgo/bc/bc_gap,789,random_3891_2458.mtx,0,0,5115483,1385,1414,628
bgo/bc/bc_gap,790,random_11798_3647.mtx,0,0,1671475,29,28,6
bgo/bc/bc_gap,791,random_5832_4306.mtx,0,0,8765518,3340,3554,1727
bgo/bc/bc_gap,792,random_7447_7654.mtx,0,0,14679629,5985,7339,129
bgo/bc/bc_gap,793,random_16198_6228.mtx,0,0,1838518,53,52,9
bgo/bc/bc_gap,794,random_11259_14783.mtx,0,0,25680209,10244,14662,3339
bgo/bc/bc_gap,795,random_15444_5999.mtx,0,0,1886378,53,52,47
bgo/bc/bc_gap,796,random_13162_8828.mtx,0,0,13804638,5923,6122,1505
bgo/bc/bc_gap,797,random_9865_1341.mtx,0,0,1537073,11,10,6
bgo/bc/bc_gap,798,random_9690_4720.mtx,0,0,2888096,313,312,221
bgo/bc/bc_gap,799,random_6052_4509.mtx,0,0,9128319,3624,3809,3373
bgo/bc/bc_gap,800,random_2298_1084.mtx,0,0,2356669,207,206,191
bgo/bc/bc_gap,801,random_433_14119.mtx,0,0,9775552,433,14119,378
bgo/bc/bc_gap,802,random_8902_3608.mtx,0,0,1700008,45,44,3
bgo/bc/bc_gap,803,random_1550_972.mtx,0,0,3279300,603,626,47
bgo/bc/bc_gap,804,random_2887_2835.mtx,0,0,6551776,2245,2705,1574
bgo/bc/bc_gap,805,random_13742_6515.mtx,0,0,3276755,361,361,100
bgo/bc/bc_gap,806,random_6989_15327.mtx,0,0,23725032,6902,15327,6890
bgo/bc/bc_gap,807,random_7380_10921.mtx,0,0,19372740,6959,10882,3745
bgo/bc/bc_gap,808,random_9855_11027.mtx,0,0,19905569,8354,10724,14
bgo/bc/bc_gap,809,random_7354_8570.mtx,0,0,16108298,6425,8431,2089
bgo/bc/bc_gap,810,random_13145_16171.mtx,0,0,28100587,11713,15979,3818
bgo/bc/bc_gap,811,random_8365_15763.mtx,0,0,25718080,8170,15757,7647
bgo/bc/bc_gap,812,random_15719_14309.mtx,0,0,24865891,11633,13345,1264
bgo/bc/bc_gap,813,random_14258_12629.mtx,0,0,22831046,10390,11771,6039
bgo/bc/bc_gap,814,random_11910_3869.mtx,0,0,1463214,34,33,3
bgo/bc/bc_gap,815,random_6057_6786.mtx,0,0,13074549,5219,6665,2643
bgo/bc/bc_gap,816,random_11611_15231.mtx,0,0,26674002,10525,15089,3635
bgo/bc/bc_gap,817,random_1379_2305.mtx,0,0,5291092,1318,2300,344
bgo/bc/bc_gap,818,random_12207_1227.mtx,0,0,1591064,6,5,3
bgo/bc/bc_gap,819,random_11793_1920.mtx,0,0,1377123,8,7,4
bgo/bc/bc_gap,820,random_7340_10411.mtx,0,0,18784006,6852,10359,3014
bgo/bc/bc_gap,821,random_10109_13367.mtx,0,0,23550785,9250,13283,6953
bgo/bc/bc_gap,822,random_2392_1313.mtx,0,0,2264607,133,133,128
bgo/bc/bc_gap,823,random_5947_11111.mtx,0,0,19027072,5776,11100,4278
bgo/bc/bc_gap,824,random_13174_5378.mtx,0,0,1956860,74,73,42
bgo/bc/bc_gap,825,random_8689_289.mtx,0,0,1283637,3,2,1
bgo/bc/bc_gap,826,random_8566_12400.mtx,0,0,21462389,7937,12328,4538
bgo/bc/bc_gap,827,random_8473_7091.mtx,0,0,13156934,5775,6356,5168
bgo/bc/bc_gap,828,random_3728_7824.mtx,0,0,12980071,3672,7819,2281
bgo/bc/bc_gap,829,random_1493_4878.mtx,0,0,7989173,1492,4878,1138
bgo/bc/bc_gap,830,random_16224_4173.mtx,0,0,1311129,20,19,18
bgo/bc/bc_gap,831,random_16136_8152.mtx,0,0,4649379,827,827,382
bgo/bc/bc_gap,832,random_1796_6421.mtx,0,0,9655827,1796,6421,967
bgo/bc/bc_gap,833,random_4620_7782.mtx,0,0,13845705,4444,7770,1295
bgo/bc/bc_gap,834,random_7997_6781.mtx,0,0,12691361,5518,6111,376
bgo/bc/bc_gap,835,random_6841_7639.mtx,0,0,14485355,5826,7465,4398
bgo/bc/bc_gap,836,random_12311_957.mtx,0,0,1145979,7,6,6
bgo/bc/bc_gap,837,random_4226_1659.mtx,0,0,1605210,33,32,8
bgo/bc/bc_gap,838,random_2734_15225.mtx,0,0,18408001,2734,15225,2054
bgo/bc/bc_gap,839,random_3872_12395.mtx,0,0,18045912,3865,12395,793
bgo/bc/bc_gap,840,random_7488_2123.mtx,0,0,1488501,19,18,3
bgo/bc/bc_gap,841,random_771_10740.mtx,0,0,11813764,771,10740,143
bgo/bc/bc_gap,842,random_5006_6492.mtx,0,0,12354228,4548,6430,2125
bgo/bc/bc_gap,843,random_7432_838.mtx,0,0,1566508,8,7,5
bgo/bc/bc_gap,844,random_8756_4661.mtx,0,0,3333872,361,362,201
bgo/bc/bc_gap,845,random_6792_9767.mtx,0,0,17387237,6306,9720,759
bgo/bc/bc_gap,846,random_14459_8698.mtx,0,0,10588497,4189,4234,3313
bgo/bc/bc_gap,847,random_6229_5329.mtx,0,0,10579730,4306,4835,2668
bgo/bc/bc_gap,848,random_3478_14675.mtx,0,0,18842035,3478,14675,3345
bgo/bc/bc_gap,849,random_10690_2879.mtx,0,0,1544446,17,16,12
bgo/bc/bc_gap,850,random_14513_9260.mtx,0,0,13801723,6068,6201,5451
bgo/bc/bc_gap,851,random_2862_16208.mtx,0,0,18643042,2862,16208,2319
bgo/bc/bc_gap,852,random_10631_152.mtx,0,0,1316198,3,2,2
bgo/bc/bc_gap,853,random_7535_14176.mtx,0,0,22985565,7344,14168,2088
bgo/bc/bc_gap,854,random_14783_15692.mtx,0,0,27053955,12290,15272,10866
bgo/bc/bc_gap,855,random_2498_11775.mtx,0,0,15136245,2498,11775,2236
bgo/bc/bc_gap,856,random_15670_72.mtx,0,0,1104131,3,2,2
bgo/bc/bc_gap,857,random_4992_6912.mtx,0,0,12762755,4594,6858,3677
bgo/bc/bc_gap,858,random_7665_3689.mtx,0,0,3723473,515,514,108
bgo/bc/bc_gap,859,random_3234_14963.mtx,0,0,19377810,3234,14963,2490
bgo/bc/bc_gap,860,random_8164_11129.mtx,0,0,19673585,7490,11055,2203
bgo/bc/bc_gap,861,random_6638_6596.mtx,0,0,12782241,5299,6316,2333
bgo/bc/bc_gap,862,random_7081_2484.mtx,0,0,1624507,33,32,5
bgo/bc/bc_gap,863,random_8035_2300.mtx,0,0,1476449,22,21,11
bgo/bc/bc_gap,864,random_12512_7671.mtx,0,0,11843801,4589,4653,4035
bgo/bc/bc_gap,865,random_11670_2195.mtx,0,0,1604559,13,12,6
bgo/bc/bc_gap,866,random_596_3599.mtx,0,0,5599541,596,3599,591
bgo/bc/bc_gap,867,random_4434_10140.mtx,0,0,16333240,4390,10140,1726
bgo/bc/bc_gap,868,random_12325_15447.mtx,0,0,27007007,10927,15277,7297
bgo/bc/bc_gap,869,random_8172_4876.mtx,0,0,7182099,2280,2308,311
bgo/bc/bc_gap,870,random_10139_12654.mtx,0,0,22536243,9054,12494,6704
bgo/bc/bc_gap,871,random_14872_9186.mtx,0,0,12823489,5444,5529,2530
bgo/bc/bc_gap,872,random_3767_13209.mtx,0,0,18229516,3764,13209,3474
bgo/bc/bc_gap,873,random_14703_16356.mtx,0,0,28881592,12415,15965,6920
bgo/bc/bc_gap,874,random_15588_6826.mtx,0,0,2024316,114,113,91
bgo/bc/bc_gap,875,random_9110_2320.mtx,0,0,1499742,14,13,12
bgo/bc/bc_gap,876,random_8464_12581.mtx,0,0,21463221,7962,12526,336
bgo/bc/bc_gap,877,random_8980_13416.mtx,0,0,23228000,8420,13361,7166
bgo/bc/bc_gap,878,random_15755_10057.mtx,0,0,13805940,6139,6273,5357
bgo/bc/bc_gap,879,random_2548_6626.mtx,0,0,10843866,2532,6626,2355
bgo/bc/bc_gap,880,random_913_1160.mtx,0,0,4026541,827,1148,757
bgo/bc/bc_gap,881,random_5627_14217.mtx,0,0,21615887,5593,14217,211
bgo/bc/bc_gap,882,random_453_7906.mtx,0,0,7898422,453,7906,419
bgo/bc/bc_gap,883,random_12865_8709.mtx,0,0,14065889,6172,6374,3432
bgo/bc/bc_gap,884,random_5218_9694.mtx,0,0,16109861,5075,9687,2861
bgo/bc/bc_gap,885,random_3133_6103.mtx,0,0,10930659,3072,6102,1517
bgo/bc/bc_gap,886,random_14618_3437.mtx,0,0,1485906,16,15,10
bgo/bc/bc_gap,887,random_1357_11655.mtx,0,0,11688300,1357,11655,507
bgo/bc/bc_gap,888,random_7229_6705.mtx,0,0,12870657,5481,6317,2801
bgo/bc/bc_gap,889,random_8288_6426.mtx,0,0,11784029,5109,5496,1499
bgo/bc/bc_gap,890,random_13504_12688.mtx,0,0,22619079,10297,12011,3472
bgo/bc/bc_gap,891,random_3922_4571.mtx,0,0,9267860,3405,4500,2098
bgo/bc/bc_gap,892,random_5371_5856.mtx,0,0,11401040,4462,5690,3891
bgo/bc/bc_gap,893,random_4324_709.mtx,0,0,1283507,8,7,7
bgo/bc/bc_gap,894,random_8802_14786.mtx,0,0,24721641,8447,14755,7956
bgo/bc/bc_gap,895,random_7334_7088.mtx,0,0,13787676,5729,6755,854
bgo/bc/bc_gap,896,random_14939_10583.mtx,0,0,16791540,7871,8258,1740
bgo/bc/bc_gap,897,random_7557_7415.mtx,0,0,14582186,5971,7084,3062
bgo/bc/bc_gap,898,random_15628_15217.mtx,0,0,26366515,12188,14459,1016
bgo/bc/bc_gap,899,random_4937_11559.mtx,0,0,18237381,4897,11559,3625
bgo/bc/bc_gap,900,random_14626_8727.mtx,0,0,10614265,4240,4298,1733
bgo/bc/bc_gap,901,random_2004_7235.mtx,0,0,10634854,2000,7235,961
bgo/bc/bc_gap,902,random_34_329.mtx,0,0,1573330,34,329,5
bgo/bc/bc_gap,903,random_8477_99.mtx,0,0,1323362,3,2,1
bgo/bc/bc_gap,904,random_14367_2563.mtx,0,0,1277516,11,10,10
bgo/bc/bc_gap,905,random_16019_9756.mtx,0,0,11660828,4751,4809,2988
bgo/bc/bc_gap,906,random_8709_13223.mtx,0,0,22415566,8206,13175,8175
bgo/bc/bc_gap,907,random_15329_6663.mtx,0,0,1881458,90,89,31
bgo/bc/bc_gap,908,random_9315_345.mtx,0,0,1372634,4,3,3
bgo/bc/bc_gap,909,random_3207_6125.mtx,0,0,11139651,3131,6121,927
bgo/bc/bc_gap,910,random_5010_16354.mtx,0,0,22234397,5001,16354,86
bgo/bc/bc_gap,911,random_6414_6686.mtx,0,0,13183884,5262,6461,4466
bgo/bc/bc_gap,912,random_9514_5002.mtx,0,0,4697269,925,926,397
bgo/bc/bc_gap,913,random_9377_2545.mtx,0,0,1543164,23,22,22
bgo/bc/bc_gap,914,random_7857_3530.mtx,0,0,1791750,80,79,50
bgo/bc/bc_gap,915,random_11358_15418.mtx,0,0,26543918,10449,15317,5743
bgo/bc/bc_gap,916,random_12427_3690.mtx,0,0,1686222,20,19,6
bgo/bc/bc_gap,917,random_1098_9125.mtx,0,0,9757519,1098,9125,964
bgo/bc/bc_gap,918,random_7993_10157.mtx,0,0,18398424,7186,10045,7117
bgo/bc/bc_gap,919,random_6831_9156.mtx,0,0,17161002,6269,9099,2068
bgo/bc/bc_gap,920,random_7414_5901.mtx,0,0,11548548,4766,5178,266
bgo/bc/bc_gap,921,random_16229_980.mtx,0,0,1419883,6,5,3
bgo/bc/bc_gap,922,random_13487_1304.mtx,0,0,1213907,6,5,1
bgo/bc/bc_gap,923,random_672_4503.mtx,0,0,5881450,672,4503,588
bgo/bc/bc_gap,924,random_10502_2752.mtx,0,0,1894272,21,20,9
bgo/bc/bc_gap,925,random_4290_2528.mtx,0,0,5218837,1125,1130,696
bgo/bc/bc_gap,926,random_12853_16198.mtx,0,0,28248565,11427,16017,10431
bgo/bc/bc_gap,927,random_422_2888.mtx,0,0,4494759,422,2888,49
bgo/bc/bc_gap,928,random_6479_14919.mtx,0,0,22945060,6415,14917,4236
bgo/bc/bc_gap,929,random_5902_3702.mtx,0,0,7409735,2236,2276,241
bgo/bc/bc_gap,930,random_10295_13920.mtx,0,0,24333824,9411,13819,7466
bgo/bc/bc_gap,931,random_1270_8957.mtx,0,0,10861268,1270,8957,251
bgo/bc/bc_gap,932,random_283_9929.mtx,0,0,7706722,283,9929,64
bgo/bc/bc_gap,933,random_11502_9505.mtx,0,0,16939407,7752,8474,5183
bgo/bc/bc_gap,934,random_3086_15200.mtx,0,0,18581486,3086,15200,1840
bgo/bc/bc_gap,935,random_10660_5795.mtx,0,0,5082011,860,859,700
bgo/bc/bc_gap,936,random_12586_10310.mtx,0,0,17811853,8174,9010,4318
bgo/bc/bc_gap,937,random_3063_9097.mtx,0,0,13766557,3054,9097,1584
bgo/bc/bc_gap,938,random_10246_16072.mtx,0,0,27134706,9723,16031,8756
bgo/bc/bc_gap,939,random_9739_12372.mtx,0,0,22194112,8784,12266,1858
bgo/bc/bc_gap,940,random_7845_5166.mtx,0,0,9010768,3541,3643,362
bgo/bc/bc_gap,941,random_2842_7749.mtx,0,0,12147120,2833,7749,2785
bgo/bc/bc_gap,942,random_6929_8800.mtx,0,0,15961824,6198,8697,1106
bgo/bc/bc_gap,943,random_6023_2020.mtx,0,0,1825022,49,48,39
bgo/bc/bc_gap,944,random_16295_11861.mtx,0,0,19000723,8965,9508,5795
bgo/bc/bc_gap,945,random_15346_13517.mtx,0,0,23462460,11049,12502,452
bgo/bc/bc_gap,946,random_14965_11592.mtx,0,0,20504843,9320,9996,240
bgo/bc/bc_gap,947,random_12817_4093.mtx,0,0,1540148,31,30,29
bgo/bc/bc_gap,948,random_15886_13472.mtx,0,0,23521801,10977,12207,9591
bgo/bc/bc_gap,949,random_11822_1391.mtx,0,0,1282755,7,6,1
bgo/bc/bc_gap,950,random_5034_6802.mtx,0,0,12824310,4617,6759,3316
bgo/bc/bc_gap,951,random_6247_2831.mtx,0,0,2144953,71,70,41
bgo/bc/bc_gap,952,random_1857_3209.mtx,0,0,6495842,1797,3204,1770
bgo/bc/bc_gap,953,random_13218_4492.mtx,0,0,1392952,29,28,6
bgo/bc/bc_gap,954,random_7524_1713.mtx,0,0,1544847,21,20,4
bgo/bc/bc_gap,955,random_4435_1762.mtx,0,0,1661336,29,28,23
bgo/bc/bc_gap,956,random_15799_15415.mtx,0,0,27382591,12437,14701,11790
bgo/bc/bc_gap,957,random_6215_5813.mtx,0,0,11227185,4721,5460,1097
bgo/bc/bc_gap,958,random_10193_9280.mtx,0,0,17101641,7472,8596,2445
bgo/bc/bc_gap,959,random_1495_10988.mtx,0,0,12788423,1495,10988,749
bgo/bc/bc_gap,960,random_14654_1590.mtx,0,0,1334162,8,7,5
bgo/bc/bc_gap,961,random_16045_7051.mtx,0,0,2613401,143,142,76
bgo/bc/bc_gap,962,random_14963_12378.mtx,0,0,21712979,10058,11067,3975
bgo/bc/bc_gap,963,random_2226_3883.mtx,0,0,7610272,2138,3875,1782
bgo/bc/bc_gap,964,random_35_1018.mtx,0,0,1443257,35,595,18
bgo/bc/bc_gap,965,random_12783_6071.mtx,0,0,2749626,173,172,46
bgo/bc/bc_gap,966,random_12332_14260.mtx,0,0,25325603,10692,14014,7730
bgo/bc/bc_gap,967,random_6023_3763.mtx,0,0,6532591,2263,2323,626
bgo/bc/bc_gap,968,random_9781_3667.mtx,0,0,1686322,30,30,15
bgo/bc/bc_gap,969,random_3693_14900.mtx,0,0,20403413,3693,14900,818
bgo/bc/bc_gap,970,random_1833_15008.mtx,0,0,14132713,1833,15008,1474
bgo/bc/bc_gap,971,random_102_10190.mtx,0,0,4052159,102,5151,62
bgo/bc/bc_gap,972,random_9874_6598.mtx,0,0,10767702,4546,4683,3764
bgo/bc/bc_gap,973,random_14545_3512.mtx,0,0,1510142,14,13,6
bgo/bc/bc_gap,974,random_4634_10546.mtx,0,0,16859106,4580,10545,3270
bgo/bc/bc_gap,975,random_13155_6572.mtx,0,0,3882761,435,434,414
bgo/bc/bc_gap,976,random_8846_1484.mtx,0,0,1391068,9,8,7
bgo/bc/bc_gap,977,random_828_1657.mtx,0,0,3997907,813,1657,94
bgo/bc/bc_gap,978,random_3732_10377.mtx,0,0,15787777,3716,10376,2836
bgo/bc/bc_gap,979,random_4624_2482.mtx,0,0,5202556,912,912,268
bgo/bc/bc_gap,980,random_10917_7192.mtx,0,0,11863719,4777,4894,539
bgo/bc/bc_gap,981,random_9988_11326.mtx,0,0,20239115,8507,11077,3034
bgo/bc/bc_gap,982,random_2453_9125.mtx,0,0,12901575,2452,9125,2277
bgo/bc/bc_gap,983,random_2187_347.mtx,0,0,1454577,9,8,4
bgo/bc/bc_gap,984,random_14069_1296.mtx,0,0,1216942,6,5,3
bgo/bc/bc_gap,985,random_4130_12600.mtx,0,0,18064006,4126,12600,3714
bgo/bc/bc_gap,986,random_624_1861.mtx,0,0,3845622,624,1861,255
bgo/bc/bc_gap,987,random_9699_130.mtx,0,0,1169413,3,2,1
bgo/bc/bc_gap,988,random_3575_13708.mtx,0,0,18604159,3575,13708,2071
bgo/bc/bc_gap,989,random_12807_4975.mtx,0,0,1883833,79,78,48
bgo/bc/bc_gap,990,random_7603_3998.mtx,0,0,4370255,672,672,535
bgo/bc/bc_gap,991,random_8505_12114.mtx,0,0,21175040,7885,12027,4962
bgo/bc/bc_gap,992,random_10034_7609.mtx,0,0,13520034,5946,6325,5621
bgo/bc/bc_gap,993,random_2455_538.mtx,0,0,1168832,9,8,1
bgo/bc/bc_gap,994,random_2801_14346.mtx,0,0,17881103,2801,14346,955
bgo/bc/bc_gap,995,random_4451_16330.mtx,0,0,22689380,4450,16330,2280
bgo/bc/bc_gap,996,random_13629_5616.mtx,0,0,1859367,79,78,1
bgo/bc/bc_gap,997,random_5664_12425.mtx,0,0,19753133,5588,12423,3831
bgo/bc/bc_gap,998,random_12475_13569.mtx,0,0,24155088,10469,13209,8254
bgo/bc/bc_gap,999,random_4930_13653.mtx,0,0,20422088,4909,13652,3839
